,filename,distance
678,image_0001.jpg,0.0
667,image_0597.jpg,1241.81
958,image_0594.jpg,1283.24
547,image_0614.jpg,1416.44
399,image_0104.jpg,1446.35
39,image_1126.jpg,1448.59
74,image_0363.jpg,1485.15
471,image_0874.jpg,1494.91
82,image_0084.jpg,1504.19
68,image_0566.jpg,1522.61
384,image_0316.jpg,1526.1
203,image_0587.jpg,1539.26
534,image_1325.jpg,1567.1
1064,image_0948.jpg,1580.36
442,image_0845.jpg,1583.58
1120,image_0246.jpg,1644.77
70,image_1006.jpg,1649.48
1315,image_0591.jpg,1706.93
168,image_0858.jpg,1736.99
1314,image_1308.jpg,1746.63
1313,image_0011.jpg,1780.7
983,image_0457.jpg,1804.91
825,image_0111.jpg,1830.83
57,image_0345.jpg,1833.5
282,image_0593.jpg,1852.69
1340,image_0257.jpg,1926.37
250,image_0910.jpg,1987.3
605,image_0937.jpg,2019.9
1191,image_0322.jpg,2033.19
585,image_1193.jpg,2034.01
644,image_0576.jpg,2089.53
376,image_0612.jpg,2091.54
1300,image_0896.jpg,2111.75
1289,image_1014.jpg,2126.59
1068,image_0822.jpg,2142.87
32,image_0905.jpg,2173.73
135,image_1166.jpg,2186.33
218,image_0461.jpg,2192.14
394,image_0333.jpg,2192.23
233,image_0535.jpg,2201.12
215,image_0038.jpg,2212.21
91,image_0805.jpg,2217.28
405,image_0855.jpg,2221.04
969,image_0820.jpg,2225.9
307,image_1292.jpg,2261.73
599,image_0101.jpg,2291.8
727,image_0020.jpg,2303.05
496,image_0171.jpg,2306.63
191,image_1336.jpg,2345.77
417,image_0802.jpg,2385.71
1020,image_0841.jpg,2385.73
998,image_1133.jpg,2389.23
929,image_0071.jpg,2414.66
982,image_0967.jpg,2425.55
1043,image_1135.jpg,2501.86
857,image_0875.jpg,2573.12
17,image_1258.jpg,2653.35
1338,image_0894.jpg,2659.97
807,image_1031.jpg,2669.48
304,image_0096.jpg,2695.06
20,image_1155.jpg,2714.52
1140,image_0801.jpg,2748.72
560,image_1210.jpg,2784.95
475,image_0089.jpg,2792.55
839,image_1145.jpg,2809.57
1250,image_0562.jpg,2843.55
396,image_1072.jpg,2890.0
21,image_1112.jpg,2978.17
1236,image_0291.jpg,2996.76
1198,image_0790.jpg,2997.64
1166,image_0032.jpg,3031.41
795,image_0817.jpg,3033.43
323,image_1354.jpg,3050.41
791,image_0901.jpg,3074.26
569,image_0545.jpg,3115.64
8,image_0955.jpg,3161.28
0,image_1164.jpg,3162.97
904,image_0040.jpg,3179.53
439,image_0598.jpg,3179.85
86,image_0500.jpg,3201.63
1297,image_0720.jpg,3243.62
735,image_0036.jpg,3313.64
305,image_0569.jpg,3392.31
617,image_0852.jpg,3400.42
937,image_1013.jpg,3515.87
357,image_1129.jpg,3542.84
416,image_0582.jpg,3579.7
847,image_1170.jpg,3580.5
1125,image_1098.jpg,3588.98
93,image_1151.jpg,3594.33
450,image_0596.jpg,3721.05
692,image_0326.jpg,3727.79
670,image_0602.jpg,3747.03
152,image_0066.jpg,3779.05
868,image_0934.jpg,3803.43
688,image_0999.jpg,3823.78
899,image_0876.jpg,3888.37
535,image_1236.jpg,3964.37
1018,image_0557.jpg,3968.25
800,image_0261.jpg,3986.1
940,image_1246.jpg,3989.95
341,image_1036.jpg,4009.67
994,image_0162.jpg,4035.58
356,image_0914.jpg,4082.09
87,image_1287.jpg,4121.45
1071,image_0868.jpg,4135.58
1283,image_0843.jpg,4197.5
882,image_0836.jpg,4261.63
716,image_0862.jpg,4276.58
1346,image_1153.jpg,4277.0
150,image_1201.jpg,4290.45
919,image_0452.jpg,4296.72
391,image_0057.jpg,4339.02
609,image_0964.jpg,4389.79
559,image_0383.jpg,4400.22
182,image_0382.jpg,4418.09
1257,image_1217.jpg,4434.49
760,image_0027.jpg,4487.64
889,image_0365.jpg,4529.14
573,image_0097.jpg,4551.31
175,image_0918.jpg,4574.44
864,image_1149.jpg,4677.67
1344,image_1239.jpg,4778.96
717,image_1306.jpg,4823.57
239,image_0867.jpg,4978.9
81,image_0193.jpg,5081.37
1333,image_0873.jpg,5120.55
1047,image_0804.jpg,5121.13
510,image_0912.jpg,5223.25
163,image_0161.jpg,5271.78
886,image_0974.jpg,5278.92
157,image_0366.jpg,5322.34
580,image_0938.jpg,5327.8
925,image_0144.jpg,5329.8
489,image_1231.jpg,5394.39
785,image_0846.jpg,5461.78
516,image_1296.jpg,5487.54
714,image_1282.jpg,5528.1
988,image_0808.jpg,5555.63
1158,image_0327.jpg,5677.21
254,image_0245.jpg,5815.66
955,image_0181.jpg,5842.76
965,image_0022.jpg,5874.14
787,image_0121.jpg,5970.89
1163,image_0595.jpg,6102.86
421,image_0556.jpg,6174.92
1149,image_0033.jpg,6229.29
942,image_0046.jpg,6229.47
871,image_0616.jpg,6286.67
900,image_0902.jpg,6288.97
848,image_0142.jpg,6329.33
1244,image_1088.jpg,6370.81
1109,image_0358.jpg,6439.0
562,image_1184.jpg,6539.81
977,image_0197.jpg,6587.53
166,image_0823.jpg,6620.92
48,image_0850.jpg,6636.16
221,image_0949.jpg,6645.57
739,image_0137.jpg,6686.94
884,image_0859.jpg,6687.49
1036,image_1015.jpg,6970.88
242,image_0810.jpg,7018.43
1131,image_0077.jpg,7031.81
1358,image_0375.jpg,7172.0
100,image_0315.jpg,7227.56
632,image_0883.jpg,7259.56
328,image_0013.jpg,7327.12
297,image_0827.jpg,7409.63
276,image_0684.jpg,7456.34
1180,image_0060.jpg,7494.49
1196,image_0925.jpg,7569.08
923,image_0947.jpg,7664.33
526,image_0752.jpg,7688.58
1347,image_0904.jpg,7899.68
1316,image_0727.jpg,7906.19
1028,image_1357.jpg,7912.42
572,image_0826.jpg,7955.5
461,image_0239.jpg,8019.25
938,image_0575.jpg,8152.36
385,image_0068.jpg,8271.76
300,image_1235.jpg,8293.55
901,image_0526.jpg,8303.26
957,image_0731.jpg,8309.66
1240,image_0761.jpg,8419.97
1234,image_0765.jpg,8476.0
224,image_0062.jpg,8486.12
513,image_0056.jpg,8559.44
420,image_0199.jpg,8635.87
910,image_1158.jpg,8745.74
914,image_1003.jpg,8784.25
31,image_0519.jpg,8803.55
325,image_1058.jpg,8929.23
404,image_0848.jpg,8956.02
393,image_0828.jpg,8960.2
762,image_1136.jpg,8963.29
749,image_0334.jpg,9158.52
1101,image_1220.jpg,9211.9
764,image_0019.jpg,9267.72
661,image_0222.jpg,9291.86
277,image_0207.jpg,9306.34
1290,image_0112.jpg,9355.77
24,image_0336.jpg,9371.45
1155,image_1121.jpg,9471.43
1352,image_0122.jpg,9559.98
333,image_0811.jpg,9736.51
1286,image_0856.jpg,9795.11
546,image_0581.jpg,9950.41
763,image_0943.jpg,9954.18
69,image_0819.jpg,9966.24
89,image_0210.jpg,10012.88
840,image_0098.jpg,10028.24
1323,image_0878.jpg,10047.67
472,image_0070.jpg,10086.23
1183,image_0169.jpg,10446.46
684,image_0259.jpg,10469.93
856,image_1029.jpg,10473.91
782,image_0922.jpg,10669.95
1156,image_0208.jpg,10685.69
151,image_0030.jpg,10710.82
96,image_1241.jpg,10721.25
671,image_1211.jpg,10747.65
753,image_0619.jpg,10814.26
1243,image_1209.jpg,10914.87
479,image_0944.jpg,11097.11
1306,image_1157.jpg,11099.21
750,image_0860.jpg,11229.92
322,image_0833.jpg,11236.16
431,image_0803.jpg,11410.87
164,image_0085.jpg,11470.47
1270,image_1002.jpg,11515.78
594,image_0100.jpg,11516.89
500,image_0962.jpg,11520.38
428,image_0110.jpg,11929.0
841,image_0016.jpg,11940.73
1188,image_1222.jpg,11954.01
922,image_0750.jpg,12058.73
1277,image_1134.jpg,12137.0
344,image_0158.jpg,12302.59
255,image_0849.jpg,12371.91
779,image_0903.jpg,12411.84
1254,image_1214.jpg,12481.89
951,image_1245.jpg,12483.8
1157,image_0442.jpg,12829.14
169,image_0844.jpg,12974.96
466,image_0252.jpg,13005.21
214,image_0090.jpg,13273.03
869,image_0479.jpg,13320.07
158,image_0145.jpg,13417.97
798,image_0692.jpg,13491.12
230,image_0830.jpg,13698.63
345,image_0872.jpg,13722.88
120,image_1337.jpg,14015.72
902,image_1163.jpg,14160.75
1190,image_0787.jpg,14305.44
1334,image_1037.jpg,14445.86
349,image_1226.jpg,14527.03
1237,image_1248.jpg,14529.46
1037,image_1113.jpg,14630.9
454,image_0831.jpg,14789.51
765,image_0942.jpg,14877.74
1329,image_0573.jpg,15035.23
34,image_0530.jpg,15119.18
165,image_1242.jpg,15237.33
1321,image_0739.jpg,15246.29
306,image_0779.jpg,15534.55
1200,image_0166.jpg,15605.81
543,image_0818.jpg,15614.56
1268,image_0330.jpg,15752.77
294,image_0292.jpg,15961.26
1342,image_1200.jpg,16057.44
426,image_0490.jpg,16115.49
635,image_0939.jpg,16141.9
930,image_0361.jpg,16418.56
1142,image_0006.jpg,16567.46
962,image_0895.jpg,16613.73
681,image_1286.jpg,16617.4
590,image_0203.jpg,16679.36
1135,image_0349.jpg,16729.86
379,image_0565.jpg,16774.22
851,image_0635.jpg,16778.63
649,image_0099.jpg,16867.52
835,image_1257.jpg,17003.22
956,image_0685.jpg,17028.2
67,image_1115.jpg,17112.43
589,image_0797.jpg,17219.97
1261,image_0994.jpg,17401.55
658,image_1191.jpg,17445.61
595,image_0127.jpg,17651.89
63,image_0865.jpg,17860.28
141,image_0588.jpg,18026.83
1205,image_1319.jpg,18176.06
485,image_0832.jpg,18183.82
319,image_0853.jpg,18185.49
577,image_0900.jpg,18206.57
755,image_1323.jpg,18275.01
932,image_0931.jpg,18323.34
700,image_0370.jpg,18697.71
194,image_0095.jpg,18705.51
725,image_0736.jpg,18975.2
490,image_0963.jpg,19144.1
833,image_1010.jpg,19434.25
570,image_0610.jpg,19518.54
225,image_0185.jpg,19530.13
1224,image_0075.jpg,19576.41
243,image_1190.jpg,19745.37
1116,image_0264.jpg,19831.46
463,image_0297.jpg,19866.23
1239,image_0141.jpg,19978.49
733,image_0723.jpg,20021.73
604,image_0975.jpg,20117.3
340,image_0029.jpg,20127.99
1287,image_1294.jpg,20158.16
1266,image_0296.jpg,20403.77
624,image_0879.jpg,20457.13
318,image_1169.jpg,20606.87
1012,image_0620.jpg,20706.04
579,image_1137.jpg,20853.88
18,image_1207.jpg,20859.22
487,image_0892.jpg,21192.66
691,image_1124.jpg,21268.61
655,image_0585.jpg,21364.02
575,image_0807.jpg,21393.08
103,image_0324.jpg,21593.82
372,image_1066.jpg,21756.89
154,image_0956.jpg,21937.77
582,image_1035.jpg,22000.26
1310,image_0497.jpg,22020.57
228,image_1176.jpg,22088.22
686,image_1142.jpg,22107.34
28,image_0314.jpg,22348.63
173,image_1249.jpg,22429.93
281,image_0115.jpg,22923.48
916,image_0306.jpg,22923.66
1210,image_0118.jpg,23278.39
703,image_0213.jpg,23490.4
1351,image_0638.jpg,23544.51
742,image_0762.jpg,23597.63
799,image_0838.jpg,23662.02
1126,image_1065.jpg,23922.86
260,image_0798.jpg,24041.17
542,image_0941.jpg,24222.1
936,image_0866.jpg,24259.87
1063,image_0785.jpg,24387.02
183,image_0495.jpg,24448.72
752,image_1259.jpg,24559.36
1160,image_1068.jpg,24802.45
793,image_1026.jpg,24840.89
1009,image_1288.jpg,25086.56
311,image_0987.jpg,25101.26
146,image_1321.jpg,25531.39
153,image_0567.jpg,25580.4
181,image_0023.jpg,25619.78
430,image_0114.jpg,26072.37
1008,image_0067.jpg,26295.65
452,image_1264.jpg,26479.53
54,image_0055.jpg,26593.2
817,image_0364.jpg,26875.28
973,image_1023.jpg,26895.76
2,image_0688.jpg,26953.26
1141,image_1205.jpg,27257.33
707,image_1033.jpg,27375.94
1245,image_0996.jpg,27506.74
229,image_0182.jpg,27773.98
788,image_0990.jpg,27830.65
838,image_0851.jpg,27856.18
362,image_0061.jpg,28208.1
1137,image_0686.jpg,28224.9
107,image_1107.jpg,28404.66
563,image_0806.jpg,28409.51
501,image_1138.jpg,28625.89
1084,image_0043.jpg,28633.97
751,image_0147.jpg,28940.47
321,image_0880.jpg,28993.06
1291,image_0639.jpg,29125.24
337,image_0898.jpg,29144.63
808,image_0058.jpg,29310.04
1209,image_0884.jpg,29454.29
272,image_1162.jpg,29833.07
1138,image_1004.jpg,30384.17
456,image_0468.jpg,30589.24
425,image_0411.jpg,30610.86
1123,image_0136.jpg,30743.49
993,image_0180.jpg,30889.97
538,image_1108.jpg,31164.78
759,image_0564.jpg,31242.8
401,image_1215.jpg,31554.1
593,image_0416.jpg,31809.67
947,image_0443.jpg,31884.2
968,image_0424.jpg,31885.16
83,image_0917.jpg,31975.64
162,image_1139.jpg,32072.13
1060,image_0637.jpg,32100.99
1039,image_0760.jpg,32149.21
15,image_0719.jpg,32253.5
464,image_0814.jpg,32332.16
545,image_0722.jpg,32360.48
985,image_0451.jpg,32504.29
771,image_0332.jpg,32515.24
687,image_1243.jpg,32777.67
517,image_1122.jpg,32788.97
541,image_0235.jpg,32807.41
259,image_0552.jpg,32948.87
1146,image_0318.jpg,33235.36
612,image_0869.jpg,33269.71
731,image_0763.jpg,33550.36
979,image_1148.jpg,34130.35
52,image_0919.jpg,34216.38
265,image_0485.jpg,34582.46
953,image_0116.jpg,34634.56
890,image_0323.jpg,34760.2
1193,image_1265.jpg,35053.13
247,image_0389.jpg,35294.24
874,image_1268.jpg,35410.93
872,image_0945.jpg,35607.98
669,image_0580.jpg,35743.01
1014,image_0561.jpg,35914.32
987,image_0992.jpg,35920.67
621,image_1011.jpg,35920.73
913,image_0387.jpg,35953.89
298,image_0842.jpg,35972.73
1202,image_0051.jpg,35983.34
1272,image_0028.jpg,35992.1
997,image_1034.jpg,36144.78
941,image_0549.jpg,36368.24
1293,image_0002.jpg,36862.77
1282,image_1356.jpg,36929.51
826,image_0042.jpg,36959.82
371,image_0705.jpg,37003.69
149,image_0726.jpg,37158.96
38,image_0737.jpg,37215.03
184,image_1097.jpg,37722.79
1302,image_0234.jpg,38116.16
148,image_0277.jpg,38388.67
354,image_0568.jpg,38710.92
1072,image_0133.jpg,38749.7
302,image_0045.jpg,38750.14
650,image_1012.jpg,38857.66
446,image_0966.jpg,38859.89
1203,image_0982.jpg,39072.26
721,image_1017.jpg,39079.25
1337,image_1213.jpg,39429.67
740,image_0946.jpg,39445.35
944,image_0065.jpg,39607.26
699,image_1018.jpg,39638.86
1088,image_0993.jpg,39869.85
1056,image_0815.jpg,39905.8
290,image_0236.jpg,39989.9
783,image_0995.jpg,40172.6
480,image_1020.jpg,40396.51
643,image_0034.jpg,40727.23
129,image_1103.jpg,40780.15
1055,image_0184.jpg,41063.69
1273,image_0590.jpg,41268.17
1192,image_0989.jpg,41375.42
1318,image_0198.jpg,41532.57
576,image_0952.jpg,41731.89
527,image_0047.jpg,41894.86
706,image_1179.jpg,41926.08
963,image_0776.jpg,42093.64
1280,image_1173.jpg,42373.82
1111,image_1154.jpg,42393.73
967,image_0959.jpg,42611.9
613,image_0412.jpg,43172.57
440,image_0420.jpg,43853.76
473,image_0299.jpg,44127.45
651,image_0812.jpg,44177.48
122,image_0271.jpg,44212.03
629,image_0391.jpg,44297.88
469,image_0092.jpg,44803.9
1086,image_0072.jpg,45092.99
948,image_0887.jpg,45756.82
1308,image_0764.jpg,45827.2
313,image_0432.jpg,45967.25
377,image_0048.jpg,46075.35
729,image_0014.jpg,46112.93
894,image_0103.jpg,46141.82
193,image_0386.jpg,46235.64
505,image_0697.jpg,46317.69
1118,image_0063.jpg,46347.59
301,image_0031.jpg,46356.57
972,image_0088.jpg,46561.66
666,image_0388.jpg,46596.93
85,image_0338.jpg,46866.92
638,image_0167.jpg,46968.22
40,image_0499.jpg,47028.24
1343,image_0813.jpg,47469.41
1276,image_0202.jpg,47599.6
1136,image_0080.jpg,48513.33
1278,image_0273.jpg,48864.69
883,image_0906.jpg,48980.55
422,image_0465.jpg,49263.8
777,image_0933.jpg,49345.26
41,image_0767.jpg,49630.3
274,image_1230.jpg,49737.06
414,image_0050.jpg,49751.42
13,image_0795.jpg,49808.71
732,image_0107.jpg,49897.42
898,image_0191.jpg,50139.36
653,image_1263.jpg,50162.66
984,image_1301.jpg,50377.75
1327,image_0449.jpg,50444.03
702,image_0357.jpg,50504.39
147,image_0276.jpg,50999.76
335,image_0109.jpg,51203.03
1311,image_0339.jpg,51499.66
336,image_0094.jpg,51516.68
652,image_1181.jpg,51924.39
132,image_0073.jpg,52034.02
253,image_1300.jpg,52240.56
784,image_0604.jpg,52373.58
553,image_0926.jpg,52643.09
693,image_0392.jpg,52999.01
1019,image_1132.jpg,53465.52
355,image_0337.jpg,53744.96
267,image_0174.jpg,53800.32
418,image_0570.jpg,54092.74
26,image_0768.jpg,54145.31
1053,image_0342.jpg,54296.57
946,image_0069.jpg,54400.6
1235,image_0611.jpg,54506.9
116,image_0601.jpg,54586.24
1267,image_1067.jpg,54775.86
427,image_0721.jpg,54780.57
694,image_0319.jpg,54809.42
564,image_0496.jpg,55076.33
1265,image_0359.jpg,56075.08
512,image_0897.jpg,56195.16
378,image_0091.jpg,56251.54
891,image_1260.jpg,57121.21
1174,image_0969.jpg,58518.04
1145,image_0696.jpg,58595.72
476,image_0608.jpg,58676.43
1152,image_1342.jpg,59418.77
317,image_0384.jpg,60417.76
508,image_0603.jpg,60770.04
258,image_0376.jpg,60770.73
737,image_0266.jpg,61139.03
598,image_1285.jpg,61490.55
1232,image_0135.jpg,62404.6
1015,image_0300.jpg,62731.6
1301,image_0507.jpg,62943.49
1102,image_0936.jpg,63385.23
1317,image_0534.jpg,63787.05
616,image_0617.jpg,64120.91
975,image_1195.jpg,64250.59
1194,image_0325.jpg,64572.37
1114,image_0083.jpg,64900.14
520,image_0699.jpg,65055.19
1173,image_1346.jpg,65432.74
1017,image_0718.jpg,65545.41
1154,image_0824.jpg,65950.44
1228,image_0924.jpg,65969.15
1328,image_1040.jpg,66180.41
1179,image_1253.jpg,66377.98
1032,image_1080.jpg,66429.69
1223,image_0216.jpg,66682.83
62,image_0529.jpg,67402.23
1092,image_0741.jpg,67707.13
460,image_0149.jpg,67852.82
746,image_0362.jpg,68167.36
159,image_0940.jpg,68220.62
1006,image_0494.jpg,68300.7
850,image_0977.jpg,68460.94
172,image_0986.jpg,68461.84
387,image_0809.jpg,68481.73
47,image_1007.jpg,68662.5
1294,image_0493.jpg,69349.99
949,image_0571.jpg,69413.05
1319,image_0120.jpg,69514.91
291,image_1223.jpg,69603.32
412,image_0396.jpg,69793.25
719,image_1277.jpg,70147.86
1178,image_1349.jpg,70726.06
1216,image_0303.jpg,71882.79
1104,image_0228.jpg,71887.23
351,image_0513.jpg,72860.66
167,image_1218.jpg,72876.97
312,image_0233.jpg,73004.73
1065,image_0911.jpg,73060.91
1150,image_1128.jpg,73636.51
79,image_1255.jpg,73880.33
823,image_0816.jpg,74336.33
443,image_1105.jpg,74441.01
887,image_0078.jpg,74471.09
565,image_1216.jpg,74690.65
289,image_0913.jpg,75122.44
879,image_1307.jpg,75591.31
974,image_0308.jpg,75657.98
1121,image_1348.jpg,75899.7
1299,image_0130.jpg,76188.73
386,image_0627.jpg,77186.31
1038,image_0754.jpg,77236.88
266,image_0870.jpg,77514.66
188,image_0950.jpg,77879.78
674,image_0881.jpg,78039.08
43,image_0682.jpg,78420.68
1262,image_0025.jpg,78526.05
529,image_0074.jpg,78540.66
992,image_0249.jpg,78917.32
1259,image_0005.jpg,79039.83
1349,image_0148.jpg,80027.82
46,image_0791.jpg,80061.01
568,image_0352.jpg,80624.84
557,image_1270.jpg,81370.22
1052,image_0482.jpg,81592.31
829,image_0200.jpg,81740.71
295,image_0483.jpg,82726.2
90,image_1262.jpg,82839.96
1033,image_0305.jpg,83411.27
603,image_1041.jpg,84583.36
961,image_0553.jpg,84596.74
1075,image_0041.jpg,84626.22
945,image_1331.jpg,85734.64
200,image_0847.jpg,85782.96
509,image_0821.jpg,85911.2
1248,image_0713.jpg,86233.22
1061,image_0278.jpg,86749.66
190,image_0537.jpg,86834.97
492,image_1087.jpg,86947.47
144,image_1019.jpg,87305.25
933,image_0907.jpg,87533.18
1147,image_0738.jpg,87817.94
410,image_0211.jpg,88660.88
99,image_1314.jpg,89158.83
881,image_0923.jpg,89445.22
212,image_1250.jpg,89855.32
844,image_0916.jpg,90142.65
37,image_0344.jpg,90344.81
822,image_0689.jpg,90483.48
94,image_1271.jpg,90486.92
680,image_0335.jpg,90701.98
912,image_0265.jpg,90830.44
23,image_1219.jpg,91106.68
449,image_0710.jpg,91315.1
893,image_1110.jpg,91323.92
522,image_0012.jpg,91587.73
286,image_1060.jpg,91623.04
1221,image_0353.jpg,91722.74
174,image_1339.jpg,92203.25
1241,image_1117.jpg,92608.77
1226,image_0258.jpg,92804.37
587,image_0909.jpg,92831.32
685,image_1347.jpg,92841.06
468,image_0081.jpg,92883.64
622,image_1082.jpg,93383.43
104,image_0528.jpg,93814.61
177,image_0770.jpg,94448.41
1208,image_0511.jpg,94549.09
403,image_0551.jpg,94891.78
1103,image_0139.jpg,95384.98
819,image_0298.jpg,96169.98
419,image_0251.jpg,96358.44
853,image_0742.jpg,96529.66
1309,image_1344.jpg,96651.14
110,image_0625.jpg,96702.0
626,image_0683.jpg,96769.0
53,image_0935.jpg,96772.31
1002,image_0348.jpg,97221.08
1172,image_1299.jpg,97521.2
482,image_0341.jpg,97826.67
790,image_0676.jpg,98350.46
1253,image_0487.jpg,98801.87
347,image_0558.jpg,98911.06
1113,image_0640.jpg,99413.4
382,image_1045.jpg,99458.2
633,image_0354.jpg,100678.16
271,image_0794.jpg,100766.58
504,image_0288.jpg,100883.59
567,image_0599.jpg,101100.3
201,image_0746.jpg,101565.14
816,image_0343.jpg,101571.42
390,image_1202.jpg,103846.19
117,image_0899.jpg,104047.74
608,image_1146.jpg,104084.12
1175,image_1165.jpg,104097.09
398,image_0908.jpg,104102.65
1024,image_0886.jpg,104339.27
981,image_0932.jpg,104520.51
548,image_0263.jpg,104664.45
1331,image_0159.jpg,105184.17
748,image_0268.jpg,105265.23
5,image_0024.jpg,105458.43
713,image_1275.jpg,105553.1
964,image_0885.jpg,105918.88
1,image_1172.jpg,106028.85
770,image_0543.jpg,107302.89
990,image_1055.jpg,107911.81
1274,image_1229.jpg,109105.92
1304,image_1069.jpg,110496.39
1083,image_0267.jpg,110995.01
284,image_0093.jpg,111536.04
536,image_0010.jpg,112954.92
206,image_0350.jpg,113748.47
350,image_1057.jpg,113748.78
1119,image_1196.jpg,113916.5
1219,image_0980.jpg,114708.85
481,image_0491.jpg,116266.46
1255,image_0131.jpg,116485.95
231,image_1167.jpg,116516.57
1143,image_0766.jpg,116654.32
939,image_0368.jpg,117460.97
364,image_0400.jpg,117470.39
523,image_0231.jpg,118367.41
931,image_0503.jpg,118622.79
432,image_0421.jpg,118934.76
1184,image_0447.jpg,118951.65
514,image_0978.jpg,119210.45
205,image_0668.jpg,119576.36
342,image_0555.jpg,119969.13
544,image_0854.jpg,121077.22
25,image_0302.jpg,121530.52
1161,image_0163.jpg,121607.58
724,image_1078.jpg,121722.75
744,image_0584.jpg,122707.71
1199,image_1038.jpg,123449.7
1247,image_0893.jpg,123463.13
1090,image_0929.jpg,123714.57
119,image_0554.jpg,124369.11
60,image_0888.jpg,124578.27
352,image_0541.jpg,124781.46
77,image_1333.jpg,124902.1
51,image_1075.jpg,125891.35
561,image_0004.jpg,127085.13
908,image_1199.jpg,127347.7
235,image_0466.jpg,128307.31
1298,image_0015.jpg,128379.48
105,image_0215.jpg,128402.4
320,image_1125.jpg,128848.91
581,image_1009.jpg,129239.47
708,image_0652.jpg,131122.61
269,image_0356.jpg,131312.08
918,image_0059.jpg,131827.12
257,image_1156.jpg,132185.55
978,image_0753.jpg,132576.7
1217,image_1316.jpg,133669.31
1201,image_0840.jpg,134070.42
65,image_1076.jpg,137186.83
310,image_0586.jpg,137478.77
392,image_1254.jpg,138615.79
123,image_0544.jpg,138879.4
690,image_0360.jpg,139467.37
805,image_1144.jpg,139776.55
176,image_1008.jpg,139844.54
797,image_0988.jpg,139918.22
926,image_1310.jpg,140758.87
101,image_1269.jpg,140831.88
1081,image_0527.jpg,141103.9
327,image_1052.jpg,141233.36
76,image_0743.jpg,142189.14
368,image_0609.jpg,142354.59
852,image_0205.jpg,143086.72
607,image_1114.jpg,144526.06
339,image_0506.jpg,145226.11
745,image_0413.jpg,146239.69
911,image_0456.jpg,146253.64
645,image_0729.jpg,146954.86
1105,image_0583.jpg,147205.6
1130,image_0629.jpg,147487.82
211,image_0522.jpg,148659.03
1159,image_0540.jpg,148882.14
656,image_0347.jpg,149315.76
1206,image_1062.jpg,150942.94
375,image_1161.jpg,150975.79
907,image_0307.jpg,151469.18
866,image_0669.jpg,152952.62
943,image_0891.jpg,153129.03
705,image_0053.jpg,154554.89
832,image_0633.jpg,156571.35
126,image_0256.jpg,159120.14
1353,image_0592.jpg,159168.69
409,image_1141.jpg,160649.7
1324,image_1089.jpg,161504.29
185,image_0329.jpg,161816.24
127,image_0734.jpg,161833.64
178,image_1183.jpg,162017.6
794,image_0626.jpg,164594.16
723,image_0037.jpg,165533.21
111,image_0796.jpg,166030.8
1029,image_1198.jpg,166373.16
756,image_0773.jpg,166652.82
625,image_1118.jpg,168813.26
924,image_0861.jpg,169956.77
738,image_1048.jpg,170378.13
1082,image_1131.jpg,170449.62
971,image_1175.jpg,170623.72
909,image_0165.jpg,171657.92
16,image_0064.jpg,172189.74
280,image_0563.jpg,172448.57
44,image_0373.jpg,172964.51
222,image_0863.jpg,173077.71
216,image_0985.jpg,173699.52
712,image_0724.jpg,174346.83
1207,image_1077.jpg,174643.94
171,image_0653.jpg,174890.44
623,image_0984.jpg,176655.4
780,image_0250.jpg,177144.04
1151,image_0624.jpg,177535.94
1007,image_0981.jpg,178152.09
1044,image_1197.jpg,178235.35
1031,image_0132.jpg,180805.34
131,image_0425.jpg,180963.22
614,image_1081.jpg,181059.33
552,image_0282.jpg,181278.96
754,image_0927.jpg,181611.27
457,image_1204.jpg,185796.09
11,image_0600.jpg,186076.15
641,image_0834.jpg,186992.18
502,image_0489.jpg,187988.73
515,image_0404.jpg,188244.1
1264,image_1000.jpg,188475.57
697,image_1106.jpg,188923.15
465,image_0008.jpg,190100.35
1076,image_0641.jpg,190278.2
862,image_1051.jpg,194838.73
849,image_1024.jpg,194940.22
35,image_0450.jpg,195092.77
66,image_0155.jpg,195438.32
960,image_1233.jpg,197230.54
455,image_0769.jpg,197785.53
682,image_1150.jpg,200013.08
615,image_1168.jpg,200102.55
986,image_1227.jpg,200321.89
433,image_0018.jpg,200943.94
934,image_1350.jpg,201564.65
773,image_0951.jpg,201758.06
435,image_0693.jpg,202752.04
1128,image_0954.jpg,202818.53
1320,image_0440.jpg,203440.66
1115,image_0113.jpg,206670.25
1013,image_0958.jpg,207984.78
180,image_0117.jpg,208598.52
813,image_0151.jpg,210501.82
1095,image_0123.jpg,210693.54
870,image_1206.jpg,212000.54
1307,image_0800.jpg,212381.8
537,image_0714.jpg,212451.39
262,image_0920.jpg,212963.0
1169,image_0044.jpg,215998.01
1186,image_0864.jpg,216628.43
130,image_0179.jpg,221038.27
296,image_0716.jpg,222443.12
1097,image_0269.jpg,228156.74
1189,image_0446.jpg,228227.99
646,image_0418.jpg,228252.04
1122,image_1064.jpg,229943.31
1330,image_1358.jpg,230038.0
437,image_0749.jpg,230730.62
1026,image_1063.jpg,230916.56
1204,image_0283.jpg,231549.12
279,image_0433.jpg,235627.23
679,image_0470.jpg,235642.66
227,image_0839.jpg,235815.11
1046,image_0771.jpg,236063.21
125,image_0774.jpg,239888.94
1164,image_0759.jpg,243395.7
50,image_0172.jpg,245037.22
361,image_0695.jpg,245737.81
1045,image_0755.jpg,247002.53
636,image_0401.jpg,247951.04
578,image_0153.jpg,251915.14
549,image_0194.jpg,253449.59
789,image_0772.jpg,254331.06
698,image_0650.jpg,256512.61
415,image_1160.jpg,257010.74
441,image_0176.jpg,257305.19
533,image_0186.jpg,259285.49
1077,image_0501.jpg,260448.42
187,image_0124.jpg,261038.57
1074,image_0793.jpg,262912.5
97,image_0223.jpg,262986.01
1339,image_0313.jpg,265912.03
1263,image_1351.jpg,266318.51
1167,image_1232.jpg,267418.16
115,image_1238.jpg,271673.9
278,image_0052.jpg,272072.32
663,image_0509.jpg,273104.05
1096,image_0082.jpg,274322.95
758,image_0369.jpg,277273.56
631,image_1320.jpg,278118.45
72,image_1102.jpg,278317.46
1124,image_0021.jpg,278889.51
836,image_1099.jpg,279885.5
867,image_1221.jpg,281469.82
139,image_0471.jpg,282784.47
642,image_0436.jpg,282865.35
999,image_1312.jpg,285365.11
1356,image_0605.jpg,286542.17
226,image_0423.jpg,286545.06
1078,image_1043.jpg,291291.19
654,image_0654.jpg,292379.73
1059,image_0971.jpg,293006.78
1185,image_0312.jpg,295271.83
863,image_0578.jpg,296455.68
796,image_0377.jpg,298055.92
1087,image_1049.jpg,298951.29
346,image_0751.jpg,300812.7
155,image_1187.jpg,302288.74
1325,image_0928.jpg,302799.94
196,image_0444.jpg,304122.53
288,image_1290.jpg,308572.61
1035,image_0628.jpg,310708.53
246,image_0740.jpg,312746.65
22,image_0961.jpg,313387.59
689,image_1022.jpg,313879.7
736,image_0508.jpg,314310.89
772,image_1059.jpg,315018.52
6,image_0380.jpg,317279.55
710,image_1252.jpg,317302.73
1354,image_0889.jpg,319379.21
574,image_1090.jpg,321118.05
834,image_0156.jpg,321651.35
1054,image_1313.jpg,323343.83
19,image_0835.jpg,329740.71
186,image_0778.jpg,332960.45
220,image_0636.jpg,333608.97
1345,image_1094.jpg,338458.56
36,image_0108.jpg,340043.46
1079,image_1111.jpg,340731.98
877,image_0775.jpg,341909.28
858,image_1178.jpg,346041.42
640,image_1304.jpg,347337.82
809,image_1273.jpg,348754.41
532,image_0533.jpg,348958.08
261,image_0049.jpg,349456.87
1231,image_0190.jpg,351016.98
108,image_1083.jpg,352411.79
1030,image_0510.jpg,353577.24
878,image_0371.jpg,356338.23
1177,image_0394.jpg,359107.13
395,image_1332.jpg,362160.62
380,image_1208.jpg,364357.58
498,image_1116.jpg,365134.01
1022,image_0837.jpg,366213.1
865,image_0973.jpg,366382.81
781,image_0304.jpg,368591.39
550,image_1274.jpg,369465.34
42,image_0997.jpg,369995.06
511,image_1256.jpg,378811.58
672,image_1276.jpg,380806.88
10,image_0622.jpg,380864.33
114,image_0735.jpg,381708.49
528,image_0430.jpg,385280.13
1050,image_1340.jpg,385536.77
766,image_0698.jpg,388438.5
459,image_0237.jpg,388516.99
1181,image_0758.jpg,389797.11
1153,image_0715.jpg,390427.38
436,image_0157.jpg,394533.23
875,image_0643.jpg,395516.54
1034,image_1123.jpg,397243.9
283,image_0825.jpg,397417.68
367,image_1177.jpg,397951.33
647,image_0647.jpg,398409.92
142,image_1091.jpg,398642.53
959,image_1186.jpg,399108.04
407,image_0756.jpg,400072.77
843,image_0777.jpg,400216.94
1067,image_1267.jpg,401472.72
112,image_1272.jpg,403682.13
1350,image_0289.jpg,404916.1
905,image_1074.jpg,405119.56
263,image_0579.jpg,408349.18
210,image_0214.jpg,409218.89
329,image_1244.jpg,411346.82
197,image_0546.jpg,412906.62
445,image_0219.jpg,413716.05
554,image_0930.jpg,415941.79
1057,image_0435.jpg,416016.35
995,image_0786.jpg,418437.47
701,image_0783.jpg,421617.86
837,image_0788.jpg,422967.48
776,image_1147.jpg,427117.21
1170,image_0279.jpg,436739.99
1117,image_1309.jpg,437077.11
842,image_1119.jpg,437825.14
237,image_0998.jpg,438503.57
1275,image_1140.jpg,439677.3
199,image_0717.jpg,446447.3
976,image_0745.jpg,447085.26
451,image_0781.jpg,448645.56
917,image_0621.jpg,450680.46
1292,image_1194.jpg,451884.0
540,image_0270.jpg,451970.33
903,image_0709.jpg,452179.25
730,image_0550.jpg,454411.9
453,image_0504.jpg,455632.49
373,image_0983.jpg,455636.61
1220,image_1039.jpg,459872.79
217,image_0748.jpg,465482.45
326,image_0960.jpg,466829.58
293,image_1302.jpg,466884.22
695,image_0177.jpg,472882.0
892,image_0706.jpg,473720.65
741,image_0700.jpg,476480.38
637,image_0677.jpg,479848.34
824,image_0393.jpg,479976.48
249,image_0574.jpg,480213.0
251,image_0238.jpg,481889.14
1108,image_0160.jpg,482968.95
71,image_1224.jpg,489362.05
1336,image_1225.jpg,490914.84
1021,image_1278.jpg,497708.62
499,image_0253.jpg,498503.25
828,image_0206.jpg,501094.05
1011,image_0524.jpg,507486.76
1281,image_0730.jpg,516468.93
3,image_0957.jpg,516953.71
232,image_1159.jpg,522196.86
1099,image_0454.jpg,530580.33
477,image_0792.jpg,531387.69
1004,image_0915.jpg,531646.97
715,image_0232.jpg,533251.88
363,image_0129.jpg,534423.61
438,image_1266.jpg,537663.5
1271,image_0026.jpg,539372.19
639,image_0395.jpg,545376.88
927,image_0953.jpg,546290.03
814,image_0385.jpg,550613.1
792,image_0732.jpg,552317.67
592,image_0328.jpg,553556.75
601,image_0678.jpg,555296.88
1195,image_0462.jpg,559905.88
84,image_0532.jpg,575358.64
519,image_0372.jpg,576147.13
767,image_1228.jpg,576239.68
728,image_0170.jpg,576946.52
389,image_0079.jpg,579110.68
1260,image_0106.jpg,580846.64
1357,image_0674.jpg,583336.29
1326,image_1283.jpg,586630.22
803,image_1345.jpg,591513.23
950,image_0410.jpg,595424.33
811,image_0455.jpg,595472.32
802,image_0143.jpg,598531.88
370,image_0744.jpg,604610.59
1093,image_0623.jpg,606297.17
525,image_1343.jpg,607985.05
1016,image_0340.jpg,617671.71
209,image_0515.jpg,618878.4
488,image_0512.jpg,622810.03
408,image_0694.jpg,623114.33
467,image_1032.jpg,630992.18
1091,image_0346.jpg,632753.68
33,image_0667.jpg,635261.78
1233,image_0381.jpg,636832.82
659,image_0227.jpg,637204.12
1040,image_1279.jpg,637788.39
801,image_0218.jpg,639316.45
677,image_0403.jpg,642811.18
991,image_0475.jpg,642861.83
9,image_0703.jpg,643758.35
413,image_0398.jpg,659618.91
59,image_0488.jpg,661758.31
381,image_1101.jpg,662371.01
734,image_0659.jpg,665660.65
606,image_1109.jpg,677612.15
820,image_0607.jpg,679048.23
55,image_0560.jpg,687536.54
530,image_0317.jpg,689946.39
30,image_0241.jpg,692613.03
160,image_0076.jpg,707310.31
497,image_0725.jpg,707548.39
888,image_1086.jpg,712308.46
718,image_0547.jpg,719055.33
113,image_0331.jpg,729770.4
1312,image_0134.jpg,741510.92
332,image_1298.jpg,745107.9
486,image_0789.jpg,745824.39
1073,image_0407.jpg,749658.74
207,image_0378.jpg,751814.21
202,image_0921.jpg,757586.8
675,image_0882.jpg,757938.97
275,image_0890.jpg,758263.25
353,image_1042.jpg,766232.76
424,image_0140.jpg,768106.91
818,image_0671.jpg,783120.09
1305,image_0415.jpg,791184.01
204,image_1353.jpg,803556.76
1133,image_1079.jpg,809519.98
854,image_0747.jpg,829384.76
145,image_0542.jpg,843370.05
118,image_0662.jpg,849697.47
374,image_0017.jpg,853481.45
970,image_0632.jpg,860535.75
1238,image_1329.jpg,861453.92
1001,image_0240.jpg,868863.01
80,image_0374.jpg,889908.77
524,image_0355.jpg,892697.31
241,image_0150.jpg,892864.03
1069,image_0712.jpg,901187.77
458,image_0572.jpg,903290.63
596,image_0481.jpg,928868.99
673,image_0711.jpg,930340.17
330,image_0672.jpg,934229.79
444,image_0173.jpg,935313.04
140,image_1016.jpg,942728.28
726,image_1240.jpg,948164.45
1148,image_0649.jpg,958247.1
1107,image_0397.jpg,966521.91
1295,image_0230.jpg,973245.04
876,image_0651.jpg,979079.81
1227,image_0691.jpg,979842.22
192,image_0224.jpg,980153.25
491,image_1053.jpg,982668.94
434,image_0634.jpg,990140.63
252,image_1281.jpg,991325.92
571,image_0673.jpg,998040.89
602,image_0009.jpg,1002417.48
292,image_0502.jpg,1003007.21
285,image_1192.jpg,1012782.95
1258,image_0514.jpg,1016429.9
1341,image_0538.jpg,1020454.56
1003,image_1027.jpg,1021718.53
14,image_1025.jpg,1024082.79
273,image_0195.jpg,1024255.0
1296,image_0782.jpg,1026199.32
704,image_1330.jpg,1026497.07
1134,image_1328.jpg,1028789.23
539,image_1352.jpg,1030781.3
619,image_1234.jpg,1031741.3
1112,image_0486.jpg,1038569.62
359,image_0469.jpg,1050120.94
128,image_0422.jpg,1050258.22
586,image_0877.jpg,1058998.15
1168,image_0126.jpg,1065358.84
1110,image_0204.jpg,1074096.22
920,image_1322.jpg,1074699.12
761,image_1188.jpg,1078700.93
1214,image_0680.jpg,1084791.56
662,image_1056.jpg,1094714.09
29,image_0247.jpg,1098193.38
1058,image_0968.jpg,1098244.83
223,image_0125.jpg,1100130.09
555,image_1073.jpg,1112112.99
1023,image_0707.jpg,1119626.07
1303,image_0168.jpg,1124302.98
245,image_0128.jpg,1126894.74
137,image_0320.jpg,1128200.83
402,image_1305.jpg,1128705.0
1106,image_1061.jpg,1128749.19
1213,image_0311.jpg,1136011.84
365,image_0521.jpg,1140604.96
360,image_0054.jpg,1140878.26
124,image_0458.jpg,1141004.37
406,image_0991.jpg,1154788.33
628,image_1326.jpg,1159186.34
1139,image_0644.jpg,1161444.76
75,image_0188.jpg,1169338.06
769,image_1355.jpg,1179562.17
1279,image_1084.jpg,1183559.78
256,image_0518.jpg,1196356.91
315,image_1028.jpg,1221682.4
551,image_0690.jpg,1227525.57
1162,image_0408.jpg,1230286.53
78,image_0248.jpg,1240173.36
189,image_0390.jpg,1281746.78
996,image_0007.jpg,1294013.82
880,image_0272.jpg,1303305.88
1010,image_0187.jpg,1305708.73
1048,image_0254.jpg,1307057.98
1249,image_0965.jpg,1311009.94
1005,image_0657.jpg,1314181.78
88,image_1174.jpg,1317425.72
324,image_0784.jpg,1319075.41
660,image_0154.jpg,1331206.51
786,image_0301.jpg,1364845.69
1225,image_0379.jpg,1366305.84
815,image_0196.jpg,1368655.04
664,image_1130.jpg,1380565.42
1144,image_0665.jpg,1400827.72
757,image_1030.jpg,1419647.18
774,image_0087.jpg,1437133.95
665,image_1359.jpg,1439628.27
478,image_1050.jpg,1449303.4
915,image_0164.jpg,1454318.02
121,image_0290.jpg,1456090.44
98,image_0517.jpg,1476425.52
429,image_0406.jpg,1476984.09
630,image_0498.jpg,1479708.48
895,image_0679.jpg,1483359.49
447,image_0419.jpg,1486761.75
299,image_1071.jpg,1490445.33
1218,image_1054.jpg,1502467.33
383,image_0220.jpg,1509022.83
506,image_1360.jpg,1515347.54
600,image_0525.jpg,1518399.6
855,image_0285.jpg,1522109.44
503,image_1005.jpg,1527292.54
134,image_1289.jpg,1529428.32
928,image_0670.jpg,1537654.65
106,image_0970.jpg,1548915.88
470,image_1120.jpg,1559962.44
4,image_0484.jpg,1577169.62
1027,image_0658.jpg,1611366.43
1080,image_0003.jpg,1612898.91
1256,image_0262.jpg,1626867.57
7,image_1293.jpg,1635952.04
109,image_1203.jpg,1648607.19
591,image_0225.jpg,1676124.35
58,image_1315.jpg,1684375.5
620,image_1291.jpg,1695053.1
860,image_1284.jpg,1696120.62
521,image_0577.jpg,1704456.38
1127,image_0492.jpg,1710886.77
827,image_1127.jpg,1725263.36
935,image_1001.jpg,1733809.07
722,image_1104.jpg,1739885.45
709,image_0757.jpg,1753340.06
696,image_0175.jpg,1819264.85
64,image_1044.jpg,1824571.07
1051,image_0539.jpg,1837471.61
338,image_1085.jpg,1861040.21
1251,image_0536.jpg,1881274.47
583,image_0613.jpg,1883384.72
343,image_0523.jpg,1893375.08
314,image_0648.jpg,1908082.63
462,image_1247.jpg,1929133.73
369,image_0646.jpg,1964588.55
287,image_0441.jpg,1981168.36
303,image_0183.jpg,1989806.16
1132,image_0445.jpg,2022760.0
611,image_0439.jpg,2030944.92
1355,image_0453.jpg,2031022.63
812,image_1189.jpg,2038079.25
494,image_1143.jpg,2061169.99
810,image_0178.jpg,2093962.75
133,image_1237.jpg,2158076.92
1094,image_0138.jpg,2187753.86
1285,image_0192.jpg,2201894.15
1322,image_0979.jpg,2206049.66
778,image_0516.jpg,2244834.65
558,image_0589.jpg,2253080.26
768,image_0477.jpg,2277512.08
1085,image_0260.jpg,2293173.88
507,image_0119.jpg,2325009.52
821,image_0255.jpg,2364213.89
495,image_1341.jpg,2389857.94
484,image_1334.jpg,2397002.18
775,image_1096.jpg,2411445.21
566,image_1318.jpg,2413436.27
676,image_0212.jpg,2436845.41
597,image_0226.jpg,2476714.11
897,image_0645.jpg,2508985.2
1246,image_1303.jpg,2509085.32
102,image_1047.jpg,2529735.93
720,image_0309.jpg,2577657.29
747,image_0189.jpg,2589147.18
156,image_0615.jpg,2619606.57
1269,image_0520.jpg,2635360.16
474,image_1280.jpg,2659342.43
588,image_0728.jpg,2682140.7
244,image_0321.jpg,2703519.09
831,image_0681.jpg,2725994.47
952,image_1095.jpg,2755490.22
1042,image_0426.jpg,2776244.97
238,image_0548.jpg,2788315.9
806,image_0708.jpg,2790650.98
61,image_1251.jpg,2833207.77
859,image_0972.jpg,2854974.79
208,image_0871.jpg,2870268.41
1212,image_0146.jpg,2916468.12
248,image_0448.jpg,2918302.82
1335,image_1338.jpg,2951846.02
648,image_0476.jpg,3012591.33
1089,image_0405.jpg,3012880.41
1222,image_0201.jpg,3046988.7
12,image_0286.jpg,3050993.85
804,image_1182.jpg,3052317.62
1100,image_0642.jpg,3062127.67
1098,image_1100.jpg,3193761.98
483,image_0417.jpg,3201238.4
170,image_0429.jpg,3223434.21
921,image_0460.jpg,3227341.09
234,image_0702.jpg,3245010.77
518,image_0035.jpg,3257773.1
1176,image_1093.jpg,3342034.54
1348,image_0505.jpg,3343648.4
400,image_1335.jpg,3383084.63
366,image_0287.jpg,3440901.0
198,image_0656.jpg,3455445.09
861,image_0209.jpg,3516820.03
885,image_0660.jpg,3545817.21
1187,image_0829.jpg,3601898.06
1284,image_0275.jpg,3608263.24
1215,image_1152.jpg,3802924.44
1182,image_1171.jpg,3803902.72
873,image_0478.jpg,3977300.79
1252,image_0351.jpg,4056779.52
219,image_0666.jpg,4059554.0
711,image_0531.jpg,4089424.36
1062,image_0606.jpg,4098137.56
845,image_0242.jpg,4113304.02
1070,image_0467.jpg,4168383.62
610,image_0434.jpg,4168434.04
954,image_1046.jpg,4175679.49
1041,image_0438.jpg,4202563.7
1171,image_0243.jpg,4238383.94
45,image_0473.jpg,4323823.57
1025,image_0976.jpg,4332084.64
236,image_0663.jpg,4344745.09
240,image_0102.jpg,4346551.0
989,image_0367.jpg,4387675.82
136,image_1070.jpg,4397848.93
270,image_0310.jpg,4523320.1
1230,image_0631.jpg,4609403.27
627,image_0480.jpg,4614820.61
584,image_0428.jpg,4665189.28
1288,image_1311.jpg,4685983.32
556,image_1327.jpg,4689733.26
73,image_0293.jpg,4770650.86
846,image_0655.jpg,4786854.0
309,image_0630.jpg,4806876.32
1229,image_1324.jpg,4900681.19
179,image_0409.jpg,4980206.94
195,image_0701.jpg,5010978.98
1049,image_1212.jpg,5019372.99
334,image_0152.jpg,5040572.62
1197,image_0687.jpg,5044160.35
668,image_0472.jpg,5221823.39
830,image_0402.jpg,5227575.38
161,image_0274.jpg,5366920.4
1066,image_0431.jpg,5406767.17
683,image_0229.jpg,5428569.69
493,image_0463.jpg,5826034.33
49,image_0459.jpg,6024967.28
896,image_0427.jpg,6028322.45
966,image_0086.jpg,6064939.54
980,image_1092.jpg,6132718.64
1165,image_0437.jpg,6142927.06
906,image_0474.jpg,6145325.36
411,image_0039.jpg,6290133.51
388,image_0217.jpg,6291382.47
1129,image_0799.jpg,6291718.24
1000,image_1180.jpg,6301499.02
268,image_0221.jpg,6327040.31
423,image_0857.jpg,6339952.74
308,image_0281.jpg,6356040.27
634,image_1185.jpg,6365903.5
531,image_0618.jpg,6409754.01
143,image_1021.jpg,6449846.79
397,image_0664.jpg,6476933.47
618,image_0244.jpg,6552973.98
316,image_0284.jpg,6570962.74
264,image_1261.jpg,6602840.23
657,image_0704.jpg,6731338.64
56,image_0105.jpg,6736611.81
213,image_1317.jpg,6808493.81
1242,image_0280.jpg,6816436.46
1211,image_0295.jpg,6905643.9
138,image_1295.jpg,7078898.85
743,image_0733.jpg,7103334.57
331,image_0294.jpg,7275623.46
1332,image_0414.jpg,7602162.1
95,image_0464.jpg,7602963.35
27,image_0559.jpg,7808008.71
348,image_0675.jpg,9040663.2
358,image_0780.jpg,9442736.41
92,image_1297.jpg,9503081.9
448,image_0661.jpg,12552120.89
1359,image_0399.jpg,13615725.22
