,index,filename,chisquare_distance
0,1347,image_1349.jpg,2463.84
1,332,image_0333.jpg,2496.17
2,321,image_0322.jpg,2518.36
3,611,image_0612.jpg,2577.48
4,67,image_0068.jpg,2592.13
5,496,image_0497.jpg,2745.9
6,874,image_0875.jpg,2806.26
7,586,image_0587.jpg,2811.19
8,88,image_0089.jpg,2839.04
9,290,image_0291.jpg,2844.02
10,1276,image_1277.jpg,2847.74
11,315,image_0316.jpg,2850.08
12,857,image_0858.jpg,2883.69
13,1323,image_1325.jpg,2893.91
14,947,image_0948.jpg,2895.57
15,103,image_0104.jpg,2911.38
16,843,image_0844.jpg,2917.96
17,1295,image_1296.jpg,2968.97
18,590,image_0591.jpg,2989.58
19,816,image_0817.jpg,2991.12
20,362,image_0363.jpg,3023.64
21,873,image_0874.jpg,3043.76
22,1214,image_1215.jpg,3045.35
23,1235,image_1236.jpg,3051.77
24,844,image_0845.jpg,3055.85
25,83,image_0084.jpg,3077.58
26,525,image_0526.jpg,3081.58
27,854,image_0855.jpg,3119.73
28,819,image_0820.jpg,3121.66
29,74,image_0075.jpg,3152.07
30,95,image_0096.jpg,3162.15
31,110,image_0111.jpg,3166.73
32,1307,image_1308.jpg,3228.23
33,544,image_0545.jpg,3251.13
34,811,image_0812.jpg,3267.86
35,1200,image_1201.jpg,3275.25
36,100,image_0101.jpg,3326.81
37,1030,image_1031.jpg,3328.15
38,1005,image_1006.jpg,3394.87
39,1208,image_1209.jpg,3406.27
40,595,image_0596.jpg,3410.95
41,719,image_0720.jpg,3426.63
42,199,image_0200.jpg,3463.54
43,596,image_0597.jpg,3464.65
44,941,image_0942.jpg,3528.16
45,121,image_0122.jpg,3550.43
46,1197,image_1198.jpg,3558.57
47,804,image_0805.jpg,3633.25
48,206,image_0207.jpg,3646.33
49,842,image_0843.jpg,3672.0
50,851,image_0852.jpg,3674.89
51,1230,image_1231.jpg,3683.46
52,364,image_0365.jpg,3724.09
53,207,image_0208.jpg,3770.23
54,260,image_0261.jpg,3792.25
55,565,image_0566.jpg,3808.75
56,144,image_0145.jpg,3824.86
57,1257,image_1258.jpg,3834.03
58,344,image_0345.jpg,3892.57
59,534,image_0535.jpg,3907.12
60,96,image_0097.jpg,3998.22
61,363,image_0364.jpg,3999.4
62,696,image_0697.jpg,4020.94
63,460,image_0461.jpg,4047.08
64,141,image_0142.jpg,4084.74
65,937,image_0938.jpg,4095.78
66,499,image_0500.jpg,4112.62
67,893,image_0894.jpg,4168.88
68,936,image_0937.jpg,4277.63
69,909,image_0910.jpg,4279.63
70,1355,image_1357.jpg,4283.96
71,817,image_0818.jpg,4347.12
72,691,image_0692.jpg,4347.46
73,385,image_0386.jpg,4405.69
74,526,image_0527.jpg,4446.39
75,1337,image_1339.jpg,4448.8
76,556,image_0557.jpg,4462.26
77,849,image_0850.jpg,4469.4
78,198,image_0199.jpg,4472.74
79,822,image_0823.jpg,4488.55
80,1097,image_1098.jpg,4499.33
81,87,image_0088.jpg,4571.01
82,1183,image_1184.jpg,4582.83
83,451,image_0452.jpg,4609.56
84,846,image_0847.jpg,4620.36
85,1318,image_1319.jpg,4622.33
86,820,image_0821.jpg,4622.8
87,850,image_0851.jpg,4631.22
88,65,image_0066.jpg,4647.73
89,840,image_0841.jpg,4707.93
90,801,image_0802.jpg,4707.97
91,613,image_0614.jpg,4740.56
92,1352,image_1354.jpg,4760.98
93,456,image_0457.jpg,4763.83
94,39,image_0040.jpg,4781.37
95,825,image_0826.jpg,4798.19
96,800,image_0801.jpg,4805.14
97,823,image_0824.jpg,4851.45
98,94,image_0095.jpg,4886.93
99,1302,image_1303.jpg,4929.64
100,593,image_0594.jpg,4936.12
101,381,image_0382.jpg,4939.35
102,1165,image_1166.jpg,4996.25
103,1194,image_1195.jpg,5060.01
104,821,image_0822.jpg,5137.0
105,807,image_0808.jpg,5158.6
106,91,image_0092.jpg,5221.06
107,1346,image_1348.jpg,5305.3
108,1258,image_1259.jpg,5307.83
109,1186,image_1187.jpg,5311.92
110,1334,image_1336.jpg,5318.04
111,601,image_0602.jpg,5363.15
112,221,image_0222.jpg,5383.5
113,875,image_0876.jpg,5453.21
114,824,image_0825.jpg,5500.66
115,117,image_0118.jpg,5663.8
116,836,image_0837.jpg,5728.99
117,904,image_0905.jpg,5738.4
118,1013,image_1014.jpg,5769.0
119,946,image_0947.jpg,5790.82
120,815,image_0816.jpg,5845.04
121,828,image_0829.jpg,5952.42
122,374,image_0375.jpg,5965.03
123,43,image_0044.jpg,6036.68
124,1012,image_1013.jpg,6040.59
125,135,image_0136.jpg,6051.91
126,1274,image_1275.jpg,6086.82
127,1286,image_1287.jpg,6091.34
128,120,image_0121.jpg,6111.91
129,467,image_0468.jpg,6262.05
130,410,image_0411.jpg,6263.38
131,509,image_0510.jpg,6300.62
132,333,image_0334.jpg,6328.48
133,21,image_0022.jpg,6358.47
134,161,image_0162.jpg,6373.19
135,1154,image_1155.jpg,6390.27
136,1268,image_1269.jpg,6490.35
137,357,image_0358.jpg,6531.8
138,296,image_0297.jpg,6545.18
139,704,image_0705.jpg,6582.63
140,1043,image_1044.jpg,6592.51
141,173,image_0174.jpg,6682.74
142,180,image_0181.jpg,6749.65
143,592,image_0593.jpg,6761.88
144,1125,image_1126.jpg,6779.13
145,1305,image_1306.jpg,6833.26
146,45,image_0046.jpg,6834.53
147,32,image_0033.jpg,6834.7
148,1111,image_1112.jpg,6837.65
149,245,image_0246.jpg,6901.46
150,597,image_0598.jpg,6907.86
151,866,image_0867.jpg,6908.92
152,1270,image_1271.jpg,6962.03
153,1192,image_1193.jpg,6970.38
154,325,image_0326.jpg,7092.56
155,1022,image_1023.jpg,7110.75
156,1245,image_1246.jpg,7130.29
157,1173,image_1174.jpg,7154.44
158,796,image_0797.jpg,7200.97
159,872,image_0873.jpg,7278.06
160,1128,image_1129.jpg,7288.25
161,1057,image_1058.jpg,7295.3
162,419,image_0420.jpg,7348.11
163,1215,image_1216.jpg,7360.64
164,802,image_0803.jpg,7463.18
165,594,image_0595.jpg,7586.3
166,772,image_0773.jpg,7595.8
167,73,image_0074.jpg,7672.05
168,399,image_0400.jpg,7718.12
169,277,image_0278.jpg,7718.12
170,140,image_0141.jpg,7746.17
171,829,image_0830.jpg,7810.42
172,1036,image_1037.jpg,7877.5
173,675,image_0676.jpg,7887.9
174,1238,image_1239.jpg,7941.93
175,998,image_0999.jpg,8002.47
176,450,image_0451.jpg,8028.87
177,19,image_0020.jpg,8045.53
178,615,image_0616.jpg,8058.77
179,1198,image_1199.jpg,8060.0
180,845,image_0846.jpg,8109.27
181,61,image_0062.jpg,8257.09
182,212,image_0213.jpg,8262.39
183,901,image_0902.jpg,8318.95
184,1044,image_1045.jpg,8329.98
185,358,image_0359.jpg,8401.32
186,165,image_0166.jpg,8435.37
187,1269,image_1270.jpg,8449.64
188,1298,image_1299.jpg,8507.04
189,1182,image_1183.jpg,8668.8
190,587,image_0588.jpg,8713.38
191,557,image_0558.jpg,8844.5
192,313,image_0314.jpg,8953.04
193,917,image_0918.jpg,9083.5
194,42,image_0043.jpg,9083.71
195,492,image_0493.jpg,9171.55
196,551,image_0552.jpg,9185.11
197,1001,image_1002.jpg,9189.97
198,1232,image_1233.jpg,9203.54
199,1107,image_1108.jpg,9209.81
200,921,image_0922.jpg,9211.26
201,961,image_0962.jpg,9239.82
202,10,image_0011.jpg,9330.02
203,1216,image_1217.jpg,9381.36
204,328,image_0329.jpg,9386.62
205,395,image_0396.jpg,9454.05
206,1228,image_1229.jpg,9529.47
207,1081,image_1082.jpg,9546.83
208,66,image_0067.jpg,9592.63
209,157,image_0158.jpg,9609.21
210,1114,image_1115.jpg,9628.07
211,489,image_0490.jpg,9656.68
212,1266,image_1267.jpg,9693.36
213,256,image_0257.jpg,9736.16
214,963,image_0964.jpg,9805.39
215,924,image_0925.jpg,9849.33
216,185,image_0186.jpg,9911.22
217,143,image_0144.jpg,9947.48
218,90,image_0091.jpg,10105.32
219,56,image_0057.jpg,10131.03
220,202,image_0203.jpg,10156.94
221,1162,image_1163.jpg,10194.18
222,37,image_0038.jpg,10194.66
223,876,image_0877.jpg,10367.69
224,59,image_0060.jpg,10396.85
225,360,image_0361.jpg,10451.95
226,681,image_0682.jpg,10468.36
227,82,image_0083.jpg,10510.91
228,111,image_0112.jpg,10550.54
229,1067,image_1068.jpg,10817.3
230,119,image_0120.jpg,10891.09
231,55,image_0056.jpg,11135.22
232,803,image_0804.jpg,11147.3
233,683,image_0684.jpg,11210.45
234,591,image_0592.jpg,11212.09
235,882,image_0883.jpg,11239.34
236,50,image_0051.jpg,11307.98
237,27,image_0028.jpg,11322.91
238,1261,image_1262.jpg,11486.62
239,386,image_0387.jpg,11589.54
240,54,image_0055.jpg,11705.87
241,1263,image_1264.jpg,11810.18
242,113,image_0114.jpg,11963.83
243,805,image_0806.jpg,11994.34
244,841,image_0842.jpg,12027.84
245,1180,image_1181.jpg,12086.08
246,790,image_0791.jpg,12227.95
247,837,image_0838.jpg,12229.1
248,865,image_0866.jpg,12234.94
249,1087,image_1088.jpg,12364.44
250,390,image_0391.jpg,12451.82
251,244,image_0245.jpg,12677.56
252,883,image_0884.jpg,12692.87
253,102,image_0103.jpg,12728.4
254,1195,image_1196.jpg,12826.29
255,636,image_0637.jpg,12853.74
256,1234,image_1235.jpg,12970.9
257,1025,image_1026.jpg,13008.86
258,542,image_0543.jpg,13026.27
259,1168,image_1169.jpg,13122.16
260,35,image_0036.jpg,13150.45
261,441,image_0442.jpg,13172.95
262,561,image_0562.jpg,13181.68
263,751,image_0752.jpg,13213.6
264,97,image_0098.jpg,13286.47
265,760,image_0761.jpg,13295.96
266,170,image_0171.jpg,13320.37
267,566,image_0567.jpg,13343.14
268,619,image_0620.jpg,13378.9
269,1112,image_1113.jpg,13469.94
270,1028,image_1029.jpg,13499.52
271,1061,image_1062.jpg,13521.43
272,470,image_0471.jpg,13546.5
273,435,image_0436.jpg,13549.73
274,1068,image_1069.jpg,13654.3
275,246,image_0247.jpg,13849.01
276,1071,image_1072.jpg,13951.48
277,126,image_0127.jpg,14032.41
278,1175,image_1176.jpg,14086.31
279,950,image_0951.jpg,14097.4
280,1141,image_1142.jpg,14098.54
281,685,image_0686.jpg,14187.18
282,367,image_0368.jpg,14207.63
283,392,image_0393.jpg,14295.94
284,838,image_0839.jpg,14329.29
285,895,image_0896.jpg,14370.45
286,938,image_0939.jpg,14531.34
287,234,image_0235.jpg,14599.03
288,481,image_0482.jpg,14623.92
289,22,image_0023.jpg,14628.16
290,933,image_0934.jpg,14630.3
291,860,image_0861.jpg,14673.47
292,859,image_0860.jpg,14705.08
293,832,image_0833.jpg,14733.27
294,69,image_0070.jpg,14959.04
295,572,image_0573.jpg,15012.57
296,855,image_0856.jpg,15096.64
297,1150,image_1151.jpg,15250.3
298,1169,image_1170.jpg,15267.99
299,810,image_0811.jpg,15363.91
300,847,image_0848.jpg,15397.51
301,827,image_0828.jpg,15404.81
302,942,image_0943.jpg,15641.42
303,422,image_0423.jpg,15743.25
304,1196,image_1197.jpg,15748.41
305,954,image_0955.jpg,15763.98
306,688,image_0689.jpg,15779.38
307,1144,image_1145.jpg,15795.81
308,911,image_0912.jpg,15989.7
309,945,image_0946.jpg,16016.88
310,80,image_0081.jpg,16124.87
311,26,image_0027.jpg,16133.35
312,1224,image_1225.jpg,16181.38
313,606,image_0607.jpg,16347.3
314,343,image_0344.jpg,16357.52
315,1241,image_1242.jpg,16397.11
316,981,image_0982.jpg,16403.1
317,1016,image_1017.jpg,16403.99
318,171,image_0172.jpg,16597.98
319,64,image_0065.jpg,16803.01
320,215,image_0216.jpg,16822.57
321,1254,image_1255.jpg,16937.73
322,714,image_0715.jpg,17067.97
323,1219,image_1220.jpg,17146.4
324,687,image_0688.jpg,17211.17
325,867,image_0868.jpg,17261.24
326,1023,image_1024.jpg,17320.7
327,562,image_0563.jpg,17323.28
328,1163,image_1164.jpg,17374.15
329,726,image_0727.jpg,17425.86
330,918,image_0919.jpg,17440.46
331,958,image_0959.jpg,17520.72
332,1291,image_1292.jpg,17573.23
333,784,image_0785.jpg,17684.7
334,853,image_0854.jpg,17692.02
335,964,image_0965.jpg,17806.39
336,695,image_0696.jpg,17813.49
337,263,image_0264.jpg,17815.36
338,1248,image_1249.jpg,17847.0
339,818,image_0819.jpg,17979.52
340,1348,image_1350.jpg,18020.19
341,70,image_0071.jpg,18024.62
342,295,image_0296.jpg,18173.2
343,999,image_1000.jpg,18215.19
344,653,image_0654.jpg,18226.14
345,3,image_0004.jpg,18248.01
346,518,image_0519.jpg,18314.65
347,136,image_0137.jpg,18519.17
348,502,image_0503.jpg,18532.39
349,196,image_0197.jpg,18557.35
350,46,image_0047.jpg,18642.99
351,348,image_0349.jpg,18667.45
352,638,image_0639.jpg,18753.49
353,373,image_0374.jpg,18777.91
354,361,image_0362.jpg,18854.54
355,915,image_0916.jpg,19107.19
356,879,image_0880.jpg,19204.68
357,1104,image_1105.jpg,19291.58
358,749,image_0750.jpg,19334.31
359,1065,image_1066.jpg,19423.0
360,331,image_0332.jpg,19577.14
361,932,image_0933.jpg,19678.58
362,718,image_0719.jpg,19692.8
363,486,image_0487.jpg,19828.92
364,1256,image_1257.jpg,19889.22
365,676,image_0677.jpg,19949.54
366,93,image_0094.jpg,19964.25
367,382,image_0383.jpg,20049.51
368,870,image_0871.jpg,20080.28
369,789,image_0790.jpg,20114.38
370,1264,image_1265.jpg,20150.85
371,943,image_0944.jpg,20309.91
372,1233,image_1234.jpg,20372.69
373,1009,image_1010.jpg,20542.1
374,501,image_0502.jpg,20581.59
375,77,image_0078.jpg,20882.66
376,1315,image_1316.jpg,20903.46
377,1242,image_1243.jpg,21200.09
378,71,image_0072.jpg,21365.45
379,564,image_0565.jpg,21443.66
380,550,image_0551.jpg,21618.46
381,609,image_0610.jpg,21941.77
382,809,image_0810.jpg,22022.25
383,951,image_0952.jpg,22096.26
384,89,image_0090.jpg,22216.66
385,712,image_0713.jpg,22260.66
386,1120,image_1121.jpg,22290.52
387,99,image_0100.jpg,22391.43
388,1240,image_1241.jpg,22518.71
389,1265,image_1266.jpg,22635.59
390,1014,image_1015.jpg,22820.54
391,548,image_0549.jpg,22835.26
392,1321,image_1323.jpg,22898.22
393,258,image_0259.jpg,22902.66
394,1267,image_1268.jpg,22908.05
395,602,image_0603.jpg,22956.64
396,948,image_0949.jpg,23404.04
397,575,image_0576.jpg,23823.44
398,603,image_0604.jpg,24065.29
399,287,image_0288.jpg,24090.15
400,1247,image_1248.jpg,24337.68
401,1225,image_1226.jpg,24338.91
402,735,image_0736.jpg,24404.79
403,28,image_0029.jpg,24423.98
404,155,image_0156.jpg,24669.77
405,247,image_0248.jpg,24886.3
406,1335,image_1337.jpg,24971.94
407,610,image_0611.jpg,24998.77
408,1262,image_1263.jpg,25176.9
409,12,image_0013.jpg,25960.63
410,109,image_0110.jpg,26135.89
411,41,image_0042.jpg,26218.73
412,494,image_0495.jpg,26282.32
413,1,image_0002.jpg,26304.12
414,132,image_0133.jpg,26614.33
415,1210,image_1211.jpg,26674.66
416,1354,image_1356.jpg,26756.78
417,210,image_0211.jpg,26838.93
418,1147,image_1148.jpg,27229.17
419,813,image_0814.jpg,27350.25
420,835,image_0836.jpg,27654.96
421,861,image_0862.jpg,27662.21
422,31,image_0032.jpg,27707.96
423,92,image_0093.jpg,28141.97
424,1209,image_1210.jpg,28823.27
425,651,image_0652.jpg,28883.48
426,618,image_0619.jpg,28968.21
427,1207,image_1208.jpg,29099.74
428,1236,image_1237.jpg,29164.1
429,1171,image_1172.jpg,29245.22
430,833,image_0834.jpg,29266.97
431,912,image_0913.jpg,29535.6
432,589,image_0590.jpg,29553.9
433,448,image_0449.jpg,29558.55
434,649,image_0650.jpg,29622.24
435,184,image_0185.jpg,29649.34
436,60,image_0061.jpg,29707.88
437,1220,image_1221.jpg,29730.93
438,898,image_0899.jpg,29758.83
439,33,image_0034.jpg,29786.87
440,81,image_0082.jpg,29836.98
441,1231,image_1232.jpg,29841.99
442,570,image_0571.jpg,29897.42
443,0,image_0001.jpg,30023.48
444,49,image_0050.jpg,30106.65
445,24,image_0025.jpg,30132.43
446,394,image_0395.jpg,30182.92
447,778,image_0779.jpg,30253.09
448,342,image_0343.jpg,30258.99
449,765,image_0766.jpg,30413.25
450,668,image_0669.jpg,30684.89
451,1157,image_1158.jpg,30817.9
452,1221,image_1222.jpg,30835.34
453,799,image_0800.jpg,31029.16
454,160,image_0161.jpg,31365.69
455,355,image_0356.jpg,31529.05
456,297,image_0298.jpg,31571.51
457,764,image_0765.jpg,31831.08
458,174,image_0175.jpg,31852.23
459,493,image_0494.jpg,31857.87
460,1179,image_1180.jpg,31861.05
461,730,image_0731.jpg,31882.97
462,326,image_0327.jpg,32114.71
463,231,image_0232.jpg,32119.3
464,512,image_0513.jpg,32285.05
465,406,image_0407.jpg,32907.75
466,878,image_0879.jpg,33168.84
467,375,image_0376.jpg,33377.26
468,774,image_0775.jpg,33411.48
469,880,image_0881.jpg,33416.58
470,607,image_0608.jpg,33425.44
471,886,image_0887.jpg,33569.4
472,52,image_0053.jpg,33640.2
473,267,image_0268.jpg,33734.65
474,793,image_0794.jpg,33946.17
475,148,image_0149.jpg,34247.45
476,58,image_0059.jpg,34416.94
477,1250,image_1251.jpg,34641.98
478,1275,image_1276.jpg,34672.93
479,871,image_0872.jpg,34673.89
480,579,image_0580.jpg,34768.09
481,869,image_0870.jpg,35182.01
482,351,image_0352.jpg,35309.22
483,1011,image_1012.jpg,35324.27
484,903,image_0904.jpg,35472.48
485,1341,image_1343.jpg,35486.16
486,569,image_0570.jpg,35535.21
487,955,image_0956.jpg,35572.98
488,637,image_0638.jpg,35631.55
489,484,image_0485.jpg,35694.13
490,740,image_0741.jpg,35741.04
491,1017,image_1018.jpg,35792.69
492,930,image_0931.jpg,35849.71
493,798,image_0799.jpg,35976.11
494,992,image_0993.jpg,35994.24
495,506,image_0507.jpg,36127.4
496,181,image_0182.jpg,36128.64
497,1212,image_1213.jpg,36662.11
498,1077,image_1078.jpg,36731.71
499,1098,image_1099.jpg,37168.77
500,30,image_0031.jpg,37198.78
501,62,image_0063.jpg,37202.42
502,1040,image_1041.jpg,37210.13
503,1299,image_1300.jpg,37299.58
504,808,image_0809.jpg,37428.83
505,628,image_0629.jpg,37498.34
506,839,image_0840.jpg,37531.22
507,1056,image_1057.jpg,37600.8
508,949,image_0950.jpg,37677.41
509,971,image_0972.jpg,38326.13
510,944,image_0945.jpg,38380.16
511,236,image_0237.jpg,38421.38
512,646,image_0647.jpg,38559.51
513,965,image_0966.jpg,38604.16
514,826,image_0827.jpg,38865.03
515,940,image_0941.jpg,38992.62
516,482,image_0483.jpg,38992.63
517,1033,image_1034.jpg,39134.75
518,1218,image_1219.jpg,39227.76
519,186,image_0187.jpg,39355.97
520,736,image_0737.jpg,39483.12
521,966,image_0967.jpg,39736.4
522,1251,image_1252.jpg,39940.71
523,219,image_0220.jpg,40005.97
524,130,image_0131.jpg,40276.29
525,773,image_0774.jpg,40442.54
526,568,image_0569.jpg,40586.36
527,1054,image_1055.jpg,40677.46
528,1204,image_1205.jpg,40778.66
529,15,image_0016.jpg,40816.13
530,956,image_0957.jpg,41154.22
531,1086,image_1087.jpg,41215.61
532,1167,image_1168.jpg,41415.15
533,1149,image_1150.jpg,41419.66
534,107,image_0108.jpg,41450.27
535,1227,image_1228.jpg,41515.64
536,652,image_0653.jpg,41767.3
537,108,image_0109.jpg,41790.67
538,1283,image_1284.jpg,41881.48
539,1349,image_1351.jpg,42037.96
540,759,image_0760.jpg,42126.69
541,115,image_0116.jpg,42134.24
542,337,image_0338.jpg,42837.34
543,1229,image_1230.jpg,43125.84
544,858,image_0859.jpg,43128.61
545,1116,image_1117.jpg,43250.23
546,1203,image_1204.jpg,43253.46
547,1223,image_1224.jpg,43324.86
548,1132,image_1133.jpg,43907.36
549,738,image_0739.jpg,44769.86
550,232,image_0233.jpg,45042.89
551,737,image_0738.jpg,45166.97
552,387,image_0388.jpg,46099.41
553,626,image_0627.jpg,46207.26
554,1202,image_1203.jpg,46404.63
555,574,image_0575.jpg,46598.96
556,1010,image_1011.jpg,46761.28
557,991,image_0992.jpg,46766.18
558,763,image_0764.jpg,47100.43
559,600,image_0601.jpg,47226.62
560,1345,image_1347.jpg,47240.16
561,1020,image_1021.jpg,47816.54
562,580,image_0581.jpg,47900.42
563,1252,image_1253.jpg,47927.37
564,146,image_0147.jpg,48236.86
565,962,image_0963.jpg,48410.6
566,538,image_0539.jpg,48673.96
567,1350,image_1352.jpg,48757.63
568,913,image_0914.jpg,48914.0
569,1244,image_1245.jpg,48946.74
570,1213,image_1214.jpg,48947.16
571,986,image_0987.jpg,49014.68
572,523,image_0524.jpg,49363.91
573,699,image_0700.jpg,49433.72
574,1340,image_1342.jpg,49534.5
575,625,image_0626.jpg,49882.28
576,138,image_0139.jpg,49895.23
577,1037,image_1038.jpg,49965.99
578,129,image_0130.jpg,50173.88
579,1137,image_1138.jpg,50582.13
580,420,image_0421.jpg,50866.44
581,446,image_0447.jpg,50883.62
582,899,image_0900.jpg,51112.48
583,233,image_0234.jpg,51123.79
584,993,image_0994.jpg,51239.47
585,725,image_0726.jpg,51471.03
586,757,image_0758.jpg,51862.52
587,891,image_0892.jpg,52706.38
588,555,image_0556.jpg,52811.56
589,1351,image_1353.jpg,53002.64
590,989,image_0990.jpg,53271.58
591,1222,image_1223.jpg,53543.7
592,384,image_0385.jpg,53585.27
593,397,image_0398.jpg,53588.4
594,753,image_0754.jpg,53766.47
595,500,image_0501.jpg,53910.48
596,598,image_0599.jpg,54049.85
597,5,image_0006.jpg,54669.26
598,567,image_0568.jpg,55341.99
599,908,image_0909.jpg,55385.59
600,168,image_0169.jpg,55396.71
601,329,image_0330.jpg,55547.81
602,900,image_0901.jpg,55789.01
603,1330,image_1332.jpg,55825.72
604,540,image_0541.jpg,55883.81
605,164,image_0165.jpg,56020.21
606,334,image_0335.jpg,56251.88
607,934,image_0935.jpg,56269.15
608,581,image_0582.jpg,56450.55
609,431,image_0432.jpg,56469.71
610,682,image_0683.jpg,57974.07
611,1074,image_1075.jpg,58183.29
612,785,image_0786.jpg,58424.63
613,9,image_0010.jpg,58455.77
614,698,image_0699.jpg,58473.12
615,352,image_0353.jpg,58610.47
616,1156,image_1157.jpg,58990.16
617,527,image_0528.jpg,59089.75
618,627,image_0628.jpg,59112.21
619,848,image_0849.jpg,59165.4
620,1051,image_1052.jpg,59801.99
621,359,image_0360.jpg,59931.46
622,543,image_0544.jpg,60153.99
623,1201,image_1202.jpg,60633.61
624,768,image_0769.jpg,60874.25
625,281,image_0282.jpg,60996.22
626,1066,image_1067.jpg,60999.26
627,412,image_0413.jpg,62002.28
628,455,image_0456.jpg,62002.37
629,38,image_0039.jpg,62142.03
630,1199,image_1200.jpg,62382.5
631,1249,image_1250.jpg,63441.69
632,1343,image_1345.jpg,63445.02
633,1131,image_1132.jpg,63482.17
634,939,image_0940.jpg,64260.93
635,29,image_0030.jpg,64262.77
636,1273,image_1274.jpg,64264.78
637,177,image_0178.jpg,64291.47
638,995,image_0996.jpg,64570.71
639,72,image_0073.jpg,65574.44
640,1172,image_1173.jpg,65943.18
641,1153,image_1154.jpg,66212.25
642,57,image_0058.jpg,66212.37
643,388,image_0389.jpg,66962.87
644,1288,image_1289.jpg,67461.63
645,754,image_0755.jpg,67872.04
646,275,image_0276.jpg,68487.32
647,1284,image_1285.jpg,68710.3
648,640,image_0641.jpg,69314.07
649,1148,image_1149.jpg,69365.54
650,741,image_0742.jpg,70534.63
651,552,image_0553.jpg,71343.82
652,432,image_0433.jpg,71827.97
653,469,image_0470.jpg,71843.91
654,775,image_0776.jpg,71885.1
655,755,image_0756.jpg,71909.2
656,776,image_0777.jpg,71952.81
657,13,image_0014.jpg,72633.93
658,47,image_0048.jpg,72657.81
659,380,image_0381.jpg,72674.26
660,661,image_0662.jpg,73461.77
661,464,image_0465.jpg,73862.94
662,1102,image_1103.jpg,74174.84
663,976,image_0977.jpg,74994.11
664,1064,image_1065.jpg,75010.45
665,1035,image_1036.jpg,75231.44
666,599,image_0600.jpg,75475.2
667,1217,image_1218.jpg,75812.86
668,677,image_0678.jpg,75844.7
669,1100,image_1101.jpg,76172.61
670,1297,image_1298.jpg,76718.66
671,1121,image_1122.jpg,76900.72
672,1281,image_1282.jpg,77437.27
673,624,image_0625.jpg,77513.32
674,237,image_0238.jpg,77900.54
675,739,image_0740.jpg,78473.52
676,766,image_0767.jpg,78773.0
677,1134,image_1135.jpg,79332.17
678,324,image_0325.jpg,79699.62
679,1006,image_1007.jpg,79707.05
680,338,image_0339.jpg,79708.56
681,353,image_0354.jpg,79895.54
682,131,image_0132.jpg,80360.95
683,123,image_0124.jpg,80870.74
684,897,image_0898.jpg,81015.36
685,1329,image_1331.jpg,81070.78
686,985,image_0986.jpg,81095.31
687,1080,image_1081.jpg,81375.37
688,928,image_0929.jpg,81812.43
689,200,image_0201.jpg,81936.68
690,1018,image_1019.jpg,82113.35
691,468,image_0469.jpg,82244.53
692,421,image_0422.jpg,82244.95
693,667,image_0668.jpg,82307.93
694,204,image_0205.jpg,82350.69
695,731,image_0732.jpg,82732.88
696,1152,image_1153.jpg,82935.47
697,926,image_0927.jpg,83022.84
698,715,image_0716.jpg,83036.06
699,1002,image_1003.jpg,83148.76
700,892,image_0893.jpg,83551.51
701,1072,image_1073.jpg,83690.47
702,1003,image_1004.jpg,83731.57
703,894,image_0895.jpg,84713.48
704,723,image_0724.jpg,85129.96
705,8,image_0009.jpg,85354.89
706,393,image_0394.jpg,85416.1
707,973,image_0974.jpg,85554.57
708,347,image_0348.jpg,85714.21
709,1047,image_1048.jpg,85854.92
710,20,image_0021.jpg,85880.82
711,223,image_0224.jpg,86946.19
712,1243,image_1244.jpg,87579.6
713,907,image_0908.jpg,88212.81
714,931,image_0932.jpg,88231.65
715,762,image_0763.jpg,88285.43
716,16,image_0017.jpg,88500.45
717,967,image_0968.jpg,88546.61
718,86,image_0087.jpg,88845.74
719,783,image_0784.jpg,88980.45
720,18,image_0019.jpg,89022.33
721,1126,image_1127.jpg,89220.0
722,705,image_0706.jpg,89324.78
723,1034,image_1035.jpg,89377.01
724,974,image_0975.jpg,89776.04
725,862,image_0863.jpg,89958.7
726,415,image_0416.jpg,90433.57
727,127,image_0128.jpg,91062.99
728,356,image_0357.jpg,91399.94
729,201,image_0202.jpg,92223.66
730,84,image_0085.jpg,92384.53
731,1039,image_1040.jpg,92439.68
732,490,image_0491.jpg,93311.37
733,902,image_0903.jpg,95077.23
734,36,image_0037.jpg,96478.14
735,349,image_0350.jpg,96702.09
736,213,image_0214.jpg,97732.19
737,134,image_0135.jpg,98370.25
738,560,image_0561.jpg,99100.28
739,632,image_0633.jpg,99463.33
740,1139,image_1140.jpg,99887.99
741,1237,image_1238.jpg,100028.53
742,722,image_0723.jpg,100111.22
743,429,image_0430.jpg,100216.83
744,1133,image_1134.jpg,100420.11
745,1253,image_1254.jpg,100773.82
746,424,image_0425.jpg,102261.48
747,834,image_0835.jpg,102369.96
748,780,image_0781.jpg,102703.79
749,318,image_0319.jpg,103207.69
750,616,image_0617.jpg,103437.63
751,379,image_0380.jpg,104195.33
752,856,image_0857.jpg,104528.32
753,717,image_0718.jpg,105198.67
754,745,image_0746.jpg,105382.0
755,79,image_0080.jpg,106555.36
756,748,image_0749.jpg,107998.17
757,152,image_0153.jpg,108922.02
758,125,image_0126.jpg,110035.16
759,708,image_0709.jpg,110374.78
760,521,image_0522.jpg,110545.77
761,702,image_0703.jpg,110710.74
762,1146,image_1147.jpg,110873.34
763,1190,image_1191.jpg,111575.16
764,192,image_0193.jpg,112066.59
765,571,image_0572.jpg,112417.15
766,769,image_0770.jpg,112575.52
767,868,image_0869.jpg,112966.68
768,666,image_0667.jpg,113395.32
769,1277,image_1278.jpg,113731.97
770,1282,image_1283.jpg,113906.48
771,327,image_0328.jpg,114006.57
772,286,image_0287.jpg,114213.91
773,116,image_0117.jpg,114924.32
774,1290,image_1291.jpg,115583.36
775,396,image_0397.jpg,116538.27
776,1285,image_1286.jpg,116644.24
777,104,image_0105.jpg,116780.96
778,282,image_0283.jpg,117785.0
779,330,image_0331.jpg,117978.05
780,694,image_0695.jpg,118407.76
781,563,image_0564.jpg,118552.9
782,1007,image_1008.jpg,118890.76
783,987,image_0988.jpg,119116.97
784,672,image_0673.jpg,119508.73
785,720,image_0721.jpg,120075.47
786,612,image_0613.jpg,120296.89
787,1079,image_1080.jpg,121115.2
788,782,image_0783.jpg,121136.13
789,372,image_0373.jpg,122142.02
790,225,image_0226.jpg,122157.54
791,335,image_0336.jpg,123807.08
792,377,image_0378.jpg,124086.45
793,988,image_0989.jpg,125817.35
794,369,image_0370.jpg,125943.97
795,1031,image_1032.jpg,125971.14
796,786,image_0787.jpg,126478.37
797,1356,image_1358.jpg,126499.1
798,434,image_0435.jpg,127314.3
799,916,image_0917.jpg,128590.65
800,929,image_0930.jpg,129202.23
801,76,image_0077.jpg,131527.76
802,767,image_0768.jpg,131746.34
803,777,image_0778.jpg,132241.65
804,1084,image_1085.jpg,133324.06
805,1015,image_1016.jpg,134131.51
806,391,image_0392.jpg,134482.89
807,639,image_0640.jpg,136267.5
808,1075,image_1076.jpg,136494.26
809,4,image_0005.jpg,137033.45
810,536,image_0537.jpg,137042.24
811,1331,image_1333.jpg,137191.38
812,935,image_0936.jpg,137287.83
813,972,image_0973.jpg,138754.41
814,648,image_0649.jpg,139077.73
815,614,image_0615.jpg,139376.27
816,476,image_0477.jpg,140054.19
817,1088,image_1089.jpg,140197.83
818,1135,image_1136.jpg,140759.52
819,114,image_0115.jpg,142188.95
820,498,image_0499.jpg,143705.8
821,365,image_0366.jpg,144584.0
822,322,image_0323.jpg,145415.22
823,341,image_0342.jpg,145727.22
824,830,image_0831.jpg,146373.55
825,1042,image_1043.jpg,146592.13
826,787,image_0788.jpg,146641.13
827,1109,image_1110.jpg,149240.99
828,1096,image_1097.jpg,149440.26
829,910,image_0911.jpg,149830.79
830,6,image_0007.jpg,150027.38
831,1085,image_1086.jpg,150146.32
832,750,image_0751.jpg,150675.43
833,634,image_0635.jpg,150874.29
834,510,image_0511.jpg,151268.26
835,511,image_0512.jpg,152009.28
836,756,image_0757.jpg,152792.94
837,371,image_0372.jpg,153174.88
838,264,image_0265.jpg,153363.92
839,1205,image_1206.jpg,154104.96
840,14,image_0015.jpg,154568.55
841,608,image_0609.jpg,154584.33
842,1069,image_1070.jpg,155690.05
843,584,image_0585.jpg,155810.11
844,453,image_0454.jpg,156118.0
845,291,image_0292.jpg,156631.12
846,1185,image_1186.jpg,156954.41
847,533,image_0534.jpg,157833.79
848,970,image_0971.jpg,159296.82
849,314,image_0315.jpg,159363.35
850,1206,image_1207.jpg,159990.12
851,890,image_0891.jpg,161358.42
852,792,image_0793.jpg,161704.58
853,617,image_0618.jpg,162915.37
854,1110,image_1111.jpg,163201.66
855,306,image_0307.jpg,165544.92
856,48,image_0049.jpg,165645.46
857,1062,image_1063.jpg,166864.29
858,1019,image_1020.jpg,168054.69
859,539,image_0540.jpg,169504.04
860,994,image_0995.jpg,170362.53
861,1103,image_1104.jpg,170527.24
862,340,image_0341.jpg,170716.55
863,316,image_0317.jpg,171320.39
864,197,image_0198.jpg,171412.01
865,952,image_0953.jpg,172988.71
866,713,image_0714.jpg,177130.46
867,1313,image_1314.jpg,177572.76
868,508,image_0509.jpg,178117.78
869,503,image_0504.jpg,178236.74
870,1083,image_1084.jpg,180670.59
871,743,image_0744.jpg,180676.07
872,262,image_0263.jpg,181540.03
873,339,image_0340.jpg,182276.81
874,133,image_0134.jpg,182406.42
875,255,image_0256.jpg,184404.3
876,953,image_0954.jpg,185519.15
877,1093,image_1094.jpg,185776.83
878,1118,image_1119.jpg,185792.67
879,437,image_0438.jpg,186956.08
880,885,image_0886.jpg,186994.19
881,554,image_0555.jpg,187358.86
882,1050,image_1051.jpg,188030.3
883,63,image_0064.jpg,191136.83
884,977,image_0978.jpg,192232.84
885,169,image_0170.jpg,192535.96
886,479,image_0480.jpg,193049.78
887,1293,image_1294.jpg,193507.25
888,770,image_0771.jpg,196085.86
889,927,image_0928.jpg,196904.51
890,404,image_0405.jpg,197276.28
891,1073,image_1074.jpg,197277.79
892,475,image_0476.jpg,197456.48
893,1319,image_1321.jpg,197488.8
894,747,image_0748.jpg,197885.44
895,604,image_0605.jpg,199562.54
896,1090,image_1091.jpg,200157.94
897,1060,image_1061.jpg,201258.32
898,997,image_0998.jpg,201309.97
899,208,image_0209.jpg,202904.41
900,217,image_0218.jpg,203582.25
901,1184,image_1185.jpg,204418.22
902,248,image_0249.jpg,204697.68
903,227,image_0228.jpg,205286.72
904,336,image_0337.jpg,205868.37
905,150,image_0151.jpg,206571.47
906,979,image_0980.jpg,207026.06
907,728,image_0729.jpg,209590.46
908,288,image_0289.jpg,210762.51
909,276,image_0277.jpg,211273.37
910,791,image_0792.jpg,212873.27
911,623,image_0624.jpg,213708.42
912,724,image_0725.jpg,214760.7
913,122,image_0123.jpg,215326.35
914,1309,image_1310.jpg,215707.72
915,465,image_0466.jpg,216243.26
916,376,image_0377.jpg,216333.59
917,559,image_0560.jpg,217294.07
918,733,image_0734.jpg,217497.66
919,370,image_0371.jpg,217516.29
920,797,image_0798.jpg,217704.49
921,253,image_0254.jpg,219314.17
922,250,image_0251.jpg,219689.14
923,794,image_0795.jpg,219747.54
924,194,image_0195.jpg,219829.15
925,812,image_0813.jpg,219965.29
926,1063,image_1064.jpg,221175.05
927,298,image_0299.jpg,221668.58
928,528,image_0529.jpg,221796.44
929,229,image_0230.jpg,222078.64
930,34,image_0035.jpg,224624.82
931,710,image_0711.jpg,225847.83
932,172,image_0173.jpg,228576.85
933,1344,image_1346.jpg,231993.33
934,17,image_0018.jpg,232439.02
935,520,image_0521.jpg,233875.0
936,112,image_0113.jpg,233882.64
937,222,image_0223.jpg,237813.99
938,1246,image_1247.jpg,239941.23
939,968,image_0969.jpg,240841.11
940,642,image_0643.jpg,246150.03
941,709,image_0710.jpg,246262.04
942,1316,image_1317.jpg,246839.86
943,692,image_0693.jpg,248513.47
944,547,image_0548.jpg,248585.25
945,1076,image_1077.jpg,248703.26
946,1021,image_1022.jpg,248744.44
947,44,image_0045.jpg,254140.71
948,877,image_0878.jpg,257654.54
949,529,image_0530.jpg,257675.1
950,162,image_0163.jpg,259125.63
951,1260,image_1261.jpg,259373.48
952,978,image_0979.jpg,259416.96
953,235,image_0236.jpg,260607.2
954,142,image_0143.jpg,262692.74
955,182,image_0183.jpg,263346.44
956,697,image_0698.jpg,264138.01
957,53,image_0054.jpg,266473.91
958,51,image_0052.jpg,267596.15
959,727,image_0728.jpg,269692.72
960,664,image_0665.jpg,270128.74
961,23,image_0024.jpg,270277.92
962,1124,image_1125.jpg,270966.71
963,1024,image_1025.jpg,271828.09
964,1211,image_1212.jpg,272357.45
965,990,image_0991.jpg,274688.84
966,1058,image_1059.jpg,278979.05
967,159,image_0160.jpg,279771.26
968,884,image_0885.jpg,280440.36
969,40,image_0041.jpg,283414.6
970,178,image_0179.jpg,284274.67
971,996,image_0997.jpg,284551.54
972,101,image_0102.jpg,284589.46
973,209,image_0210.jpg,284975.37
974,1259,image_1260.jpg,286560.0
975,294,image_0295.jpg,287375.54
976,1052,image_1053.jpg,288610.76
977,650,image_0651.jpg,289230.05
978,193,image_0194.jpg,291672.23
979,1049,image_1050.jpg,292117.97
980,449,image_0450.jpg,294475.12
981,1301,image_1302.jpg,294735.5
982,179,image_0180.jpg,294933.09
983,1082,image_1083.jpg,297522.73
984,806,image_0807.jpg,297987.54
985,1328,image_1330.jpg,298002.65
986,983,image_0984.jpg,298917.13
987,495,image_0496.jpg,301557.89
988,621,image_0622.jpg,303302.16
989,440,image_0441.jpg,305358.22
990,472,image_0473.jpg,306927.86
991,203,image_0204.jpg,307733.31
992,771,image_0772.jpg,307782.08
993,505,image_0506.jpg,311694.29
994,643,image_0644.jpg,312642.25
995,1101,image_1102.jpg,313685.58
996,1048,image_1049.jpg,313753.97
997,689,image_0690.jpg,314200.23
998,289,image_0290.jpg,314946.52
999,156,image_0157.jpg,315394.87
1000,761,image_0762.jpg,315409.38
1001,433,image_0434.jpg,316448.51
1002,1078,image_1079.jpg,316935.99
1003,466,image_0467.jpg,317287.02
1004,128,image_0129.jpg,318499.49
1005,752,image_0753.jpg,319181.93
1006,673,image_0674.jpg,325151.96
1007,1178,image_1179.jpg,329798.53
1008,519,image_0520.jpg,329869.97
1009,25,image_0026.jpg,334018.7
1010,230,image_0231.jpg,334624.74
1011,480,image_0481.jpg,339740.08
1012,919,image_0920.jpg,343435.64
1013,1032,image_1033.jpg,345343.67
1014,345,image_0346.jpg,348151.27
1015,631,image_0632.jpg,349673.55
1016,1059,image_1060.jpg,354874.91
1017,647,image_0648.jpg,357167.38
1018,1342,image_1344.jpg,361890.69
1019,742,image_0743.jpg,361972.72
1020,239,image_0240.jpg,363323.63
1021,1174,image_1175.jpg,364233.44
1022,1130,image_1131.jpg,364484.89
1023,265,image_0266.jpg,365038.38
1024,1155,image_1156.jpg,367169.89
1025,1055,image_1056.jpg,367339.52
1026,273,image_0274.jpg,367727.4
1027,864,image_0865.jpg,368200.6
1028,659,image_0660.jpg,369166.97
1029,633,image_0634.jpg,369789.88
1030,1115,image_1116.jpg,370337.64
1031,1105,image_1106.jpg,373293.38
1032,662,image_0663.jpg,375277.01
1033,1279,image_1280.jpg,382729.46
1034,124,image_0125.jpg,384281.17
1035,690,image_0691.jpg,389418.67
1036,577,image_0578.jpg,391767.0
1037,2,image_0003.jpg,392941.84
1038,106,image_0107.jpg,394692.25
1039,1160,image_1161.jpg,395258.94
1040,1027,image_1028.jpg,399721.85
1041,684,image_0685.jpg,400320.87
1042,1188,image_1189.jpg,401642.49
1043,1089,image_1090.jpg,402866.99
1044,1138,image_1139.jpg,402885.65
1045,1177,image_1178.jpg,404868.48
1046,417,image_0418.jpg,406713.71
1047,445,image_0446.jpg,406737.78
1048,407,image_0408.jpg,411672.26
1049,959,image_0960.jpg,414665.74
1050,439,image_0440.jpg,416938.07
1051,1287,image_1288.jpg,417273.0
1052,655,image_0656.jpg,417904.89
1053,1161,image_1162.jpg,418440.54
1054,795,image_0796.jpg,418986.64
1055,620,image_0621.jpg,419009.6
1056,283,image_0284.jpg,427508.68
1057,75,image_0076.jpg,432357.35
1058,549,image_0550.jpg,435698.69
1059,658,image_0659.jpg,436919.03
1060,220,image_0221.jpg,445447.99
1061,105,image_0106.jpg,446920.09
1062,7,image_0008.jpg,448231.93
1063,671,image_0672.jpg,453313.42
1064,654,image_0655.jpg,458881.38
1065,302,image_0303.jpg,461116.14
1066,154,image_0155.jpg,462618.61
1067,516,image_0517.jpg,463462.88
1068,443,image_0444.jpg,464359.12
1069,224,image_0225.jpg,464746.23
1070,308,image_0309.jpg,466391.3
1071,261,image_0262.jpg,469098.71
1072,781,image_0782.jpg,469730.35
1073,149,image_0150.jpg,475734.32
1074,553,image_0554.jpg,478025.61
1075,158,image_0159.jpg,480799.76
1076,622,image_0623.jpg,482763.71
1077,447,image_0448.jpg,483074.89
1078,1336,image_1338.jpg,488735.66
1079,175,image_0176.jpg,488969.51
1080,920,image_0921.jpg,489938.11
1081,226,image_0227.jpg,490358.43
1082,881,image_0882.jpg,490517.18
1083,238,image_0239.jpg,494557.64
1084,1322,image_1324.jpg,499354.86
1085,693,image_0694.jpg,500058.0
1086,678,image_0679.jpg,502076.06
1087,863,image_0864.jpg,502268.31
1088,734,image_0735.jpg,503552.84
1089,1117,image_1118.jpg,504422.71
1090,701,image_0702.jpg,505135.22
1091,312,image_0313.jpg,510079.22
1092,368,image_0369.jpg,512071.03
1093,1106,image_1107.jpg,514580.55
1094,1046,image_1047.jpg,515169.39
1095,729,image_0730.jpg,515299.53
1096,711,image_0712.jpg,517520.15
1097,211,image_0212.jpg,518090.89
1098,176,image_0177.jpg,524008.5
1099,214,image_0215.jpg,529059.21
1100,416,image_0417.jpg,530597.3
1101,517,image_0518.jpg,534914.6
1102,1041,image_1042.jpg,537670.0
1103,980,image_0981.jpg,539608.28
1104,307,image_0308.jpg,542856.73
1105,488,image_0489.jpg,544095.72
1106,320,image_0321.jpg,544917.77
1107,145,image_0146.jpg,550203.8
1108,414,image_0415.jpg,551297.76
1109,1026,image_1027.jpg,553349.57
1110,1140,image_1141.jpg,555622.98
1111,151,image_0152.jpg,558741.03
1112,887,image_0888.jpg,564756.81
1113,249,image_0250.jpg,567289.32
1114,1312,image_1313.jpg,569272.31
1115,311,image_0312.jpg,570178.55
1116,922,image_0923.jpg,570344.06
1117,378,image_0379.jpg,572728.25
1118,303,image_0304.jpg,572912.83
1119,645,image_0646.jpg,579406.98
1120,1008,image_1009.jpg,581603.2
1121,906,image_0907.jpg,584125.28
1122,1255,image_1256.jpg,588055.13
1123,545,image_0546.jpg,593803.93
1124,139,image_0140.jpg,594382.61
1125,578,image_0579.jpg,597740.11
1126,605,image_0606.jpg,598359.35
1127,68,image_0069.jpg,600238.68
1128,852,image_0853.jpg,603124.1
1129,831,image_0832.jpg,603183.85
1130,1239,image_1240.jpg,613824.19
1131,1189,image_1190.jpg,614551.83
1132,461,image_0462.jpg,614708.62
1133,1108,image_1109.jpg,624817.41
1134,457,image_0458.jpg,630277.23
1135,1053,image_1054.jpg,632194.73
1136,189,image_0190.jpg,639481.19
1137,530,image_0531.jpg,646367.25
1138,78,image_0079.jpg,647587.21
1139,788,image_0789.jpg,651630.34
1140,1272,image_1273.jpg,654913.35
1141,411,image_0412.jpg,666869.54
1142,746,image_0747.jpg,667598.62
1143,458,image_0459.jpg,671670.05
1144,426,image_0427.jpg,671853.52
1145,984,image_0985.jpg,673255.41
1146,537,image_0538.jpg,687474.41
1147,299,image_0300.jpg,688667.01
1148,982,image_0983.jpg,691176.8
1149,478,image_0479.jpg,720466.41
1150,905,image_0906.jpg,726193.99
1151,925,image_0926.jpg,726562.92
1152,576,image_0577.jpg,730513.02
1153,271,image_0272.jpg,736147.28
1154,1327,image_1329.jpg,744148.45
1155,442,image_0443.jpg,757068.28
1156,423,image_0424.jpg,757071.64
1157,1123,image_1124.jpg,757517.72
1158,716,image_0717.jpg,789300.69
1159,1339,image_1341.jpg,789315.55
1160,487,image_0488.jpg,796490.32
1161,1300,image_1301.jpg,796684.19
1162,1226,image_1227.jpg,801408.18
1163,814,image_0815.jpg,815127.16
1164,707,image_0708.jpg,817171.43
1165,389,image_0390.jpg,821481.84
1166,1142,image_1143.jpg,845943.39
1167,669,image_0670.jpg,849136.71
1168,317,image_0318.jpg,857451.18
1169,166,image_0167.jpg,864738.73
1170,1280,image_1281.jpg,866534.73
1171,1338,image_1340.jpg,875696.46
1172,670,image_0671.jpg,890800.01
1173,285,image_0286.jpg,892800.56
1174,1164,image_1165.jpg,893035.24
1175,1145,image_1146.jpg,893587.48
1176,889,image_0890.jpg,897630.72
1177,969,image_0970.jpg,901347.39
1178,1332,image_1334.jpg,905466.36
1179,147,image_0148.jpg,912332.82
1180,585,image_0586.jpg,914217.57
1181,485,image_0486.jpg,915191.51
1182,1333,image_1335.jpg,915913.02
1183,758,image_0759.jpg,916167.12
1184,1271,image_1272.jpg,919023.82
1185,1193,image_1194.jpg,920191.01
1186,531,image_0532.jpg,927382.39
1187,383,image_0384.jpg,944351.32
1188,914,image_0915.jpg,947877.82
1189,1306,image_1307.jpg,948499.9
1190,1122,image_1123.jpg,954850.34
1191,1176,image_1177.jpg,956454.0
1192,532,image_0533.jpg,966711.1
1193,1038,image_1039.jpg,972907.02
1194,153,image_0154.jpg,979315.6
1195,1136,image_1137.jpg,987728.47
1196,732,image_0733.jpg,987880.55
1197,896,image_0897.jpg,989895.33
1198,1159,image_1160.jpg,991582.85
1199,292,image_0293.jpg,1005924.78
1200,1158,image_1159.jpg,1006167.37
1201,558,image_0559.jpg,1012943.26
1202,957,image_0958.jpg,1018129.91
1203,257,image_0258.jpg,1022961.92
1204,1357,image_1359.jpg,1027136.22
1205,1353,image_1355.jpg,1027264.88
1206,293,image_0294.jpg,1030615.25
1207,923,image_0924.jpg,1033115.08
1208,1324,image_1326.jpg,1042147.82
1209,888,image_0889.jpg,1052450.08
1210,573,image_0574.jpg,1066035.32
1211,167,image_0168.jpg,1086414.09
1212,1119,image_1120.jpg,1107173.95
1213,310,image_0311.jpg,1113687.14
1214,452,image_0453.jpg,1117393.2
1215,438,image_0439.jpg,1117404.16
1216,541,image_0542.jpg,1134349.46
1217,354,image_0355.jpg,1136326.06
1218,1294,image_1295.jpg,1145677.1
1219,400,image_0401.jpg,1161684.42
1220,1303,image_1304.jpg,1179175.93
1221,1314,image_1315.jpg,1184700.23
1222,278,image_0279.jpg,1189801.0
1223,309,image_0310.jpg,1209119.84
1224,1143,image_1144.jpg,1213890.82
1225,444,image_0445.jpg,1218368.62
1226,1004,image_1005.jpg,1221789.99
1227,454,image_0455.jpg,1222552.42
1228,409,image_0410.jpg,1222874.52
1229,1278,image_1279.jpg,1270117.43
1230,259,image_0260.jpg,1278197.82
1231,251,image_0252.jpg,1280893.05
1232,319,image_0320.jpg,1314738.47
1233,744,image_0745.jpg,1343729.96
1234,524,image_0525.jpg,1345026.0
1235,427,image_0428.jpg,1352270.23
1236,1045,image_1046.jpg,1360152.49
1237,504,image_0505.jpg,1378279.83
1238,1151,image_1152.jpg,1383825.59
1239,1170,image_1171.jpg,1384163.0
1240,546,image_0547.jpg,1398038.64
1241,188,image_0189.jpg,1402415.47
1242,1320,image_1322.jpg,1406380.22
1243,491,image_0492.jpg,1417214.68
1244,629,image_0630.jpg,1433161.38
1245,1191,image_1192.jpg,1491898.3
1246,350,image_0351.jpg,1514624.35
1247,1358,image_1360.jpg,1547055.5
1248,582,image_0583.jpg,1577335.32
1249,402,image_0403.jpg,1581280.35
1250,474,image_0475.jpg,1581453.24
1251,514,image_0515.jpg,1587772.12
1252,700,image_0701.jpg,1612412.06
1253,1029,image_1030.jpg,1634482.04
1254,1095,image_1096.jpg,1656569.07
1255,477,image_0478.jpg,1670108.6
1256,218,image_0219.jpg,1720024.83
1257,403,image_0404.jpg,1729545.42
1258,279,image_0280.jpg,1763676.14
1259,513,image_0514.jpg,1769810.86
1260,1304,image_1305.jpg,1778503.47
1261,190,image_0191.jpg,1781947.09
1262,644,image_0645.jpg,1808124.88
1263,280,image_0281.jpg,1818405.41
1264,960,image_0961.jpg,1827184.89
1265,205,image_0206.jpg,1845677.19
1266,721,image_0722.jpg,1903080.33
1267,183,image_0184.jpg,1924952.74
1268,1181,image_1182.jpg,1992715.28
1269,1317,image_1318.jpg,2006982.75
1270,635,image_0636.jpg,2025340.44
1271,1166,image_1167.jpg,2045276.98
1272,1289,image_1290.jpg,2090655.38
1273,588,image_0589.jpg,2117502.86
1274,1326,image_1328.jpg,2167820.02
1275,11,image_0012.jpg,2169862.4
1276,583,image_0584.jpg,2186000.63
1277,462,image_0463.jpg,2218475.23
1278,1127,image_1128.jpg,2236645.09
1279,1187,image_1188.jpg,2259107.7
1280,118,image_0119.jpg,2259527.97
1281,305,image_0306.jpg,2279027.36
1282,284,image_0285.jpg,2315210.2
1283,366,image_0367.jpg,2320004.55
1284,405,image_0406.jpg,2342950.5
1285,274,image_0275.jpg,2395906.21
1286,471,image_0472.jpg,2434633.88
1287,401,image_0402.jpg,2438373.4
1288,706,image_0707.jpg,2440555.03
1289,266,image_0267.jpg,2448635.62
1290,270,image_0271.jpg,2545159.21
1291,663,image_0664.jpg,2587934.68
1292,1091,image_1092.jpg,2596003.9
1293,1296,image_1297.jpg,2627425.92
1294,242,image_0243.jpg,2643371.63
1295,436,image_0437.jpg,2645500.85
1296,473,image_0474.jpg,2647046.82
1297,241,image_0242.jpg,2664370.73
1298,269,image_0270.jpg,2745387.68
1299,1308,image_1309.jpg,2755881.23
1300,674,image_0675.jpg,2762584.09
1301,1000,image_1001.jpg,2771735.18
1302,346,image_0347.jpg,2811982.18
1303,228,image_0229.jpg,2850480.76
1304,137,image_0138.jpg,2879649.18
1305,703,image_0704.jpg,2982015.34
1306,779,image_0780.jpg,3133815.88
1307,630,image_0631.jpg,3142143.36
1308,680,image_0681.jpg,3148469.57
1309,191,image_0192.jpg,3149156.01
1310,408,image_0409.jpg,3149854.21
1311,1092,image_1093.jpg,3156462.91
1312,641,image_0642.jpg,3156994.28
1313,1094,image_1095.jpg,3173735.72
1314,1113,image_1114.jpg,3177327.36
1315,535,image_0536.jpg,3188853.98
1316,418,image_0419.jpg,3192349.25
1317,665,image_0666.jpg,3198667.13
1318,1129,image_1130.jpg,3199230.87
1319,686,image_0687.jpg,3200192.76
1320,1099,image_1100.jpg,3213459.46
1321,497,image_0498.jpg,3224205.33
1322,507,image_0508.jpg,3228442.66
1323,679,image_0680.jpg,3229862.09
1324,483,image_0484.jpg,3230930.86
1325,425,image_0426.jpg,3231710.11
1326,656,image_0657.jpg,3232912.98
1327,254,image_0255.jpg,3246010.59
1328,515,image_0516.jpg,3280946.55
1329,187,image_0188.jpg,3316789.98
1330,430,image_0431.jpg,3322418.8
1331,463,image_0464.jpg,3331159.51
1332,413,image_0414.jpg,3331284.67
1333,1070,image_1071.jpg,3340581.96
1334,195,image_0196.jpg,3350618.92
1335,1310,image_1311.jpg,3409676.23
1336,1325,image_1327.jpg,3410019.62
1337,85,image_0086.jpg,3432268.01
1338,657,image_0658.jpg,3439281.06
1339,975,image_0976.jpg,3451332.79
1340,163,image_0164.jpg,3493705.71
1341,1292,image_1293.jpg,3629061.04
1342,660,image_0661.jpg,3681521.17
1343,522,image_0523.jpg,3758852.13
1344,243,image_0244.jpg,4071359.55
1345,216,image_0217.jpg,4482865.6
1346,428,image_0429.jpg,5044390.95
1347,459,image_0460.jpg,5054830.72
1348,304,image_0305.jpg,5382490.76
1349,323,image_0324.jpg,5421821.71
1350,300,image_0301.jpg,5717666.64
1351,98,image_0099.jpg,6453460.16
1352,301,image_0302.jpg,6807332.32
1353,1311,image_1312.jpg,6880384.67
1354,268,image_0269.jpg,7002920.83
1355,272,image_0273.jpg,7008598.38
1356,240,image_0241.jpg,7540153.82
1357,252,image_0253.jpg,8607128.91
1358,398,image_0399.jpg,11783815.85
